Marque;Modèle;Type;Fonctionnement;ISO;Angle;Couleur;calibre;Débit à 2 bar;Débit à 3 bar;Débit à 5 bar;TOLERANCE
AGROTOP;AIRMIX FLAT FAN (FF);BUSES A FENTE;A INJECTION D'AIR LIBRE;OUI;110;VERT;15;0,49;0,6;;15
AGROTOP;AIRMIX FLAT FAN (FF);BUSES A FENTE;A INJECTION D'AIR LIBRE;OUI;;JAUNE;2;0,653;0,8;;15
AGROTOP;AIRMIX FLAT FAN (FF);BUSES A FENTE;A INJECTION D'AIR LIBRE;OUI;;LILAS;25;0,816;1;;10
AGROTOP;AIRMIX FLAT FAN (FF);BUSES A FENTE;A INJECTION D'AIR LIBRE;OUI;;BLEU;3;0,98;1,2;;10
AGROTOP;AIRMIX FLAT FAN (FF);BUSES A FENTE;A INJECTION D'AIR LIBRE;OUI;;ROUGE;0;1,306;1,6;;10
AGROTOP;AIRMIX FLAT FAN (FF);BUSES A FENTE;A INJECTION D'AIR LIBRE;OUI;;MARRON;5;1,633;2;;10
AGROTOP;AIRMIX HOLLOWCONE (HC);BUSES A FENTE;A INJECTION D'AIR LIBRE;OUI;110;VERT;15;0,49;0,6;;15
AGROTOP;AIRMIX HOLLOWCONE (HC);BUSES A FENTE;A INJECTION D'AIR LIBRE;OUI;;JAUNE;2;0,653;0,8;;15
AGROTOP;AIRMIX HOLLOWCONE (HC);BUSES A FENTE;A INJECTION D'AIR LIBRE;OUI;;LILAS;25;0,816;1;;10
AGROTOP;AIRMIX HOLLOWCONE (HC);BUSES A FENTE;A INJECTION D'AIR LIBRE;OUI;;BLEU;3;0,98;1,2;;10
AGROTOP;AIRMIX HOLLOWCONE (HC);BUSES A FENTE;A INJECTION D'AIR LIBRE;OUI;;ROUGE;4;1,306;1,6;;10
AGROTOP;AIRMIX HOLLOWCONE (HC);BUSES A FENTE;A INJECTION D'AIR LIBRE;OUI;;MARRON;5;1,633;2;;10
AGROTOP;TURBODROP TD STANDARD (TD);BUSES A FENTE;A INJECTION D'AIR LIBRE;OUI;110;ORANGE;1;;0,4;;15
AGROTOP;TURBODROP TD STANDARD (TD);BUSES A FENTE;A INJECTION D'AIR LIBRE;OUI;;VERT;15;;0,6;;15
AGROTOP;TURBODROP TD STANDARD (TD);BUSES A FENTE;A INJECTION D'AIR LIBRE;OUI;;JAUNE;2;;0,8;;10
AGROTOP;TURBODROP TD STANDARD (TD);BUSES A FENTE;A INJECTION D'AIR LIBRE;OUI;;LILAS;25;;1;;10
AGROTOP;TURBODROP TD STANDARD (TD);BUSES A FENTE;A INJECTION D'AIR LIBRE;OUI;;BLEU;3;;1,2;;10
AGROTOP;TURBODROP TD STANDARD (TD);BUSES A FENTE;A INJECTION D'AIR LIBRE;OUI;;ROUGE;4;;1,6;;10
AGROTOP;TURBODROP TD STANDARD (TD);BUSES A FENTE;A INJECTION D'AIR LIBRE;OUI;;MARRON;5;;2;;10
AGROTOP;TURBODROP TD STANDARD (TD);BUSES A FENTE;A INJECTION D'AIR LIBRE;OUI;;GRIS;6;;2,4;;10
AGROTOP;TURBODROP TD STANDARD (TD);BUSES A FENTE;A INJECTION D'AIR LIBRE;OUI;;BLANC;8;;3,2;;10
AGROTOP;TURBODROP TD STANDARD (TD);BUSES A FENTE;A INJECTION D'AIR LIBRE;OUI;;10;10;;;;
AGROTOP;TURBODROP HISPEED;BUSES A DOUBLE FENTE;A INJECTION D'AIR LIBRE;OUI;110;ORANGE;1;;0,4;;15
AGROTOP;TURBODROP HISPEED;BUSES A DOUBLE FENTE;A INJECTION D'AIR LIBRE;OUI;;VERT;15;;0,6;;15
AGROTOP;TURBODROP HISPEED;BUSES A DOUBLE FENTE;A INJECTION D'AIR LIBRE;OUI;;JAUNE;2;;0,8;;10
AGROTOP;TURBODROP HISPEED;BUSES A DOUBLE FENTE;A INJECTION D'AIR LIBRE;OUI;;LILAS;25;;1;;10
AGROTOP;TURBODROP HISPEED;BUSES A DOUBLE FENTE;A INJECTION D'AIR LIBRE;OUI;;BLEU;3;;1,2;;10
AGROTOP;TURBODROP HISPEED;BUSES A DOUBLE FENTE;A INJECTION D'AIR LIBRE;OUI;;ROUGE;4;;1,6;;10
AGROTOP;TURBODROP HISPEED;BUSES A DOUBLE FENTE;A INJECTION D'AIR LIBRE;OUI;;MARRON;5;;2;;10
AGROTOP;TURBODROP HISPEED;BUSES A DOUBLE FENTE;A INJECTION D'AIR LIBRE;OUI;;GRIS;6;;2,4;;10
AGROTOP;TURBODROP HISPEED;BUSES A DOUBLE FENTE;A INJECTION D'AIR LIBRE;OUI;;BLANC;8;;3,2;;10
AGROTOP;TURBODROP DOUBLE FENTE (TDDF);BUSES A DOUBLE FENTE;A INJECTION D'AIR LIBRE;OUI;110;ORANGE;1;;0,4;;15
AGROTOP;TURBODROP DOUBLE FENTE (TDDF);BUSES A DOUBLE FENTE;A INJECTION D'AIR LIBRE;OUI;;VERT;15;;0,6;;15
AGROTOP;TURBODROP DOUBLE FENTE (TDDF);BUSES A DOUBLE FENTE;A INJECTION D'AIR LIBRE;OUI;;JAUNE;2;;0,8;;10
AGROTOP;TURBODROP DOUBLE FENTE (TDDF);BUSES A DOUBLE FENTE;A INJECTION D'AIR LIBRE;OUI;;LILAS;25;;1;;10
AGROTOP;TURBODROP DOUBLE FENTE (TDDF);BUSES A DOUBLE FENTE;A INJECTION D'AIR LIBRE;OUI;;BLEU;3;;1,2;;10
AGROTOP;TURBODROP DOUBLE FENTE (TDDF);BUSES A DOUBLE FENTE;A INJECTION D'AIR LIBRE;OUI;;ROUGE;4;;1,6;;10
AGROTOP;TURBODROP DOUBLE FENTE (TDDF);BUSES A DOUBLE FENTE;A INJECTION D'AIR LIBRE;OUI;;MARRON;5;;2;;10
AGROTOP;TURBODROP DOUBLE FENTE (TDDF);BUSES A DOUBLE FENTE;A INJECTION D'AIR LIBRE;OUI;;GRIS;6;;2,4;;10
AGROTOP;TURBODROP DOUBLE FENTE (TDDF);BUSES A DOUBLE FENTE;A INJECTION D'AIR LIBRE;OUI;;BLANC;8;;3,2;;10
AGROTOP;TURBODROP TDXL;BUSES A FENTE;A INJECTION D'AIR LIBRE;OUI;110;ORANGE;1;;0,4;;15
AGROTOP;TURBODROP TDXL;BUSES A FENTE;A INJECTION D'AIR LIBRE;OUI;;VERT;15;;0,6;;15
AGROTOP;TURBODROP TDXL;BUSES A FENTE;A INJECTION D'AIR LIBRE;OUI;;JAUNE;2;;0,8;;10
AGROTOP;TURBODROP TDXL;BUSES A FENTE;A INJECTION D'AIR LIBRE;OUI;;LILAS;25;;1;;10
AGROTOP;TURBODROP TDXL;BUSES A FENTE;A INJECTION D'AIR LIBRE;OUI;;BLEU;3;;1,2;;10
AGROTOP;TURBODROP TDXL;BUSES A FENTE;A INJECTION D'AIR LIBRE;OUI;;ROUGE;4;;1,6;;10
AGROTOP;TURBODROP TDXL;BUSES A FENTE;A INJECTION D'AIR LIBRE;OUI;;MARRON;5;;2;;10
AGROTOP;TURBODROP TDXL;BUSES A FENTE;A INJECTION D'AIR LIBRE;OUI;;GRIS;6;;2,4;;10
AGROTOP;TURBODROP TDXL;BUSES A FENTE;A INJECTION D'AIR LIBRE;OUI;;BLANC;8;;3,2;;10
AGROTOP;TURBODROP MIROIR (TDAN);BUSES A MIROIR;A INJECTION D'AIR LIBRE;OUI;110;ORANGE;1;;0,4;;15
AGROTOP;TURBODROP MIROIR (TDAN);BUSES A MIROIR;A INJECTION D'AIR LIBRE;OUI;;VERT;15;;0,6;;15
AGROTOP;TURBODROP MIROIR (TDAN);BUSES A MIROIR;A INJECTION D'AIR LIBRE;OUI;;JAUNE;2;;0,8;;10
AGROTOP;TURBODROP MIROIR (TDAN);BUSES A MIROIR;A INJECTION D'AIR LIBRE;OUI;;LILAS;25;;1;;10
AGROTOP;TURBODROP MIROIR (TDAN);BUSES A MIROIR;A INJECTION D'AIR LIBRE;OUI;;BLEU;3;;1,2;;10
AGROTOP;TURBODROP MIROIR (TDAN);BUSES A MIROIR;A INJECTION D'AIR LIBRE;OUI;;ROUGE;4;;1,6;;10
AGROTOP;TURBODROP MIROIR (TDAN);BUSES A MIROIR;A INJECTION D'AIR LIBRE;OUI;;MARRON;5;;2;;10
AGROTOP;TURBODROP MIROIR (TDAN);BUSES A MIROIR;A INJECTION D'AIR LIBRE;OUI;;GRIS;6;;2,4;;10
AGROTOP;TURBODROP MIROIR (TDAN);BUSES A MIROIR;A INJECTION D'AIR LIBRE;OUI;;BLANC;8;;3,2;;10
AGROTOP;TURBODROP HOLLOWCONE (TDHC);BUSES A TURBULENCE;A INJECTION D'AIR LIBRE;OUI;110;ORANGE;1;;0,4;;15
AGROTOP;TURBODROP HOLLOWCONE (TDHC);BUSES A TURBULENCE;A INJECTION D'AIR LIBRE;OUI;;VERT;15;;0,6;;15
AGROTOP;TURBODROP HOLLOWCONE (TDHC);BUSES A TURBULENCE;A INJECTION D'AIR LIBRE;OUI;;JAUNE;2;;0,8;;10
AGROTOP;TURBODROP HOLLOWCONE (TDHC);BUSES A TURBULENCE;A INJECTION D'AIR LIBRE;OUI;;LILAS;25;;1;;10
AGROTOP;TURBODROP HOLLOWCONE (TDHC);BUSES A TURBULENCE;A INJECTION D'AIR LIBRE;OUI;;BLEU;3;;1,2;;10
AGROTOP;TURBODROP HOLLOWCONE (TDHC);BUSES A TURBULENCE;A INJECTION D'AIR LIBRE;OUI;;ROUGE;4;;1,6;;10
AGROTOP;TURBODROP HOLLOWCONE (TDHC);BUSES A TURBULENCE;A INJECTION D'AIR LIBRE;OUI;;MARRON;5;;2;;10
AGROTOP;TURBODROP HOLLOWCONE (TDHC);BUSES A TURBULENCE;A INJECTION D'AIR LIBRE;OUI;;GRIS;6;;2,4;;10
AGROTOP;TURBODROP HOLLOWCONE (TDHC);BUSES A TURBULENCE;A INJECTION D'AIR LIBRE;OUI;;BLANC;8;;3,2;;10
AGROTOP;TURBODROP HIGH PRESSURE (TD 20/40/60);BUSES A FENTE;A INJECTION D'AIR LIBRE;OUI;110;ORANGE;1;;0,4;;15
AGROTOP;TURBODROP HIGH PRESSURE (TD 20/40/60);BUSES A FENTE;A INJECTION D'AIR LIBRE;OUI;;VERT;15;;0,6;;15
AGROTOP;TURBODROP HIGH PRESSURE (TD 20/40/60);BUSES A FENTE;A INJECTION D'AIR LIBRE;OUI;;JAUNE;2;;0,8;;10
AGROTOP;TURBODROP HIGH PRESSURE (TD 20/40/60);BUSES A FENTE;A INJECTION D'AIR LIBRE;OUI;;LILAS;25;;1;;10
AGROTOP;TURBODROP HIGH PRESSURE (TD 20/40/60);BUSES A FENTE;A INJECTION D'AIR LIBRE;OUI;;BLEU;3;;1,2;;10
AGROTOP;TURBODROP HIGH PRESSURE (TD 20/40/60);BUSES A FENTE;A INJECTION D'AIR LIBRE;OUI;;ROUGE;4;;1,6;;10
AGROTOP;TURBODROP HIGH PRESSURE (TD 20/40/60);BUSES A FENTE;A INJECTION D'AIR LIBRE;OUI;;MARRON;5;;2;;10
AGROTOP;TURBODROP HIGH PRESSURE (TD 20/40/60);BUSES A FENTE;A INJECTION D'AIR LIBRE;OUI;;GRIS;6;;2,4;;10
AGROTOP;TURBODROP HIGH PRESSURE (TD 20/40/60);BUSES A FENTE;A INJECTION D'AIR LIBRE;OUI;;BLANC;8;;3,2;;10
AGROTOP;SPRAYMAX;BUSES A FENTE;STANDARD;OUI;80-110;ORANGE;1;;0,4;;15
AGROTOP;SPRAYMAX;BUSES A FENTE;STANDARD;OUI;;VERT;15;;0,6;;15
AGROTOP;SPRAYMAX;BUSES A FENTE;STANDARD;OUI;;JAUNE;2;;0,8;;10
AGROTOP;SPRAYMAX;BUSES A FENTE;STANDARD;OUI;;LILAS;25;;1;;10
AGROTOP;SPRAYMAX;BUSES A FENTE;STANDARD;OUI;;BLEU;3;;1,2;;10
AGROTOP;SPRAYMAX;BUSES A FENTE;STANDARD;OUI;;ROUGE;4;;1,6;;10
AGROTOP;SPRAYMAX;BUSES A FENTE;STANDARD;OUI;;MARRON;5;;2;;10
AGROTOP;SPRAYMAX;BUSES A FENTE;STANDARD;OUI;;GRIS;6;;2,4;;10
AGROTOP;SPRAYMAX;BUSES A FENTE;STANDARD;OUI;;BLANC;8;;3,2;;10
AGROTOP;SPRAYMAX;BUSES A FENTE;STANDARD;OUI;;NOIR;10;3,27;4;;10
AGROTOP;TIPCAP TCC;BUSES A FENTE;STANDARD;OUI;110;VERT;15;0,49;0,6;;15
AGROTOP;TIPCAP TCC;BUSES A FENTE;STANDARD;OUI;;JAUNE;2;0,65;0,8;;15
AGROTOP;TIPCAP TCC;BUSES A FENTE;STANDARD;OUI;;BLEU;3;0,98;1,2;;10
AGROTOP;TIPCAP TCC;BUSES A FENTE;STANDARD;OUI;;ROUGE;4;1,31;1,6;;10
AGROTOP;TIPCAP TCC;BUSES A FENTE;STANDARD;OUI;;MARRON;5;1,63;2;;10
AGROTOP;TIPCAP TCC;BUSES A FENTE;STANDARD;OUI;;GRIS;6;1,96;2,4;;10
AGROTOP;TIPCAP TCHC;BUSES A FENTE;STANDARD;OUI;;VERT;15;0,49;0,6;;15
AGROTOP;TIPCAP TCHC;BUSES A FENTE;STANDARD;OUI;;JAUNE;2;0,65;0,8;;15
AGROTOP;TIPCAP TCHC;BUSES A FENTE;STANDARD;OUI;;BLEU;3;0,98;1,2;;10
AGROTOP;TIPCAP TCHC;BUSES A FENTE;STANDARD;OUI;;ROUGE;4;1,31;1,6;;10
AGROTOP;TIPCAP TCHC;BUSES A FENTE;STANDARD;OUI;;MARRON;5;1,63;2;;10
AGROTOP;TIPCAP TCHC;BUSES A FENTE;STANDARD;OUI;;GRIS;6;1,96;2,4;;10
ALBUZ;AXI;BUSES A FENTE;STANDARD;OUI;110;ORANGE;1;0,32;0,4;;15
ALBUZ;AXI;BUSES A FENTE;STANDARD;OUI;;VERT;15;0,49;0,6;;15
ALBUZ;AXI;BUSES A FENTE;STANDARD;OUI;;JAUNE;2;0,66;0,8;;15
ALBUZ;AXI;BUSES A FENTE;STANDARD;OUI;;LILAS;25;0,82;1;;10
ALBUZ;AXI;BUSES A FENTE;STANDARD;OUI;;BLEU;3;0,98;1,2;;10
ALBUZ;AXI;BUSES A FENTE;STANDARD;OUI;;ROUGE;4;1,31;1,6;;10
ALBUZ;AXI;BUSES A FENTE;STANDARD;OUI;;MARRON;5;1,63;2;;10
ALBUZ;AXI;BUSES A FENTE;STANDARD;OUI;;GRIS;6;1,96;2,4;;10
ALBUZ;AXI;BUSES A FENTE;STANDARD;OUI;;BLANC;8;2,61;3,2;;10
ALBUZ;FASTCAP AXI;BUSES A FENTE;STANDARD;OUI;110;ORANGE;1;0,32;0,4;;15
ALBUZ;FASTCAP AXI;BUSES A FENTE;STANDARD;OUI;;VERT;15;0,49;0,6;;15
ALBUZ;FASTCAP AXI;BUSES A FENTE;STANDARD;OUI;;JAUNE;2;0,66;0,8;;15
ALBUZ;FASTCAP AXI;BUSES A FENTE;STANDARD;OUI;;LILAS;25;0,82;1;;10
ALBUZ;FASTCAP AXI;BUSES A FENTE;STANDARD;OUI;;BLEU;3;0,98;1,2;;10
ALBUZ;FASTCAP AXI;BUSES A FENTE;STANDARD;OUI;;ROUGE;4;1,31;1,6;;10
ALBUZ;FASTCAP AXI;BUSES A FENTE;STANDARD;OUI;;MARRON;5;1,63;2;;10
ALBUZ;FASTCAP AXI;BUSES A FENTE;STANDARD;OUI;;GRIS;6;1,96;2,4;;10
ALBUZ;FASTCAP AXI;BUSES A FENTE;STANDARD;OUI;;BLANC;8;2,61;3,2;;10
ALBUZ;APE;BUSES A FENTE;STANDARD;NON;110;JAUNE;;0,49;0,61;;15
ALBUZ;APE;BUSES A FENTE;STANDARD;NON;;ORANGE;;0,69;0,85;;15
ALBUZ;APE;BUSES A FENTE;STANDARD;NON;;ROUGE;;0,99;1,21;;10
ALBUZ;APE;BUSES A FENTE;STANDARD;NON;;VERT;;1,4;1,71;;10
ALBUZ;APE;BUSES A FENTE;STANDARD;NON;;TURQUOISE;;1,69;2,07;;10
ALBUZ;APE;BUSES A FENTE;STANDARD;NON;;BLEU;;1,98;2,42;;10
ALBUZ;APE;BUSES A FENTE;STANDARD;NON;;GRIS;;2,79;3,41;;10
ALBUZ;APE;BUSES A FENTE;STANDARD;NON;;NOIR;;3,95;4,83;;10
ALBUZ;APE;BUSES A FENTE;STANDARD;NON;;IVOIRE;;5,61;6,88;;10
ALBUZ;APE;BUSES A FENTE;STANDARD;NON;;BLANC;;7,82;9,7;;10
ALBUZ;APG;BUSES A FENTE;STANDARD;NON;;JAUNE;;0,49;0,61;;15
ALBUZ;APG;BUSES A FENTE;STANDARD;NON;40-60;ORANGE;;0,7;0,86;;15
ALBUZ;APG;BUSES A FENTE;STANDARD;NON;;ROUGE;;0,99;1,21;;10
ALBUZ;APG;BUSES A FENTE;STANDARD;NON;;VERT;;1,4;1,71;;10
ALBUZ;APG;BUSES A FENTE;STANDARD;NON;;BLEU;;1,98;2,42;;10
ALBUZ;APG;BUSES A FENTE;STANDARD;NON;;GRIS;;2,79;3,42;;10
ALBUZ;APG;BUSES A FENTE;STANDARD;NON;;NOIR;;3,95;4,84;;10
ALBUZ;API;BUSES A FENTE;STANDARD;OUI;110;ORANGE;1;0,32;0,4;;15
ALBUZ;API;BUSES A FENTE;STANDARD;OUI;;VERT;15;0,49;0,6;;15
ALBUZ;API;BUSES A FENTE;STANDARD;OUI;;jaune;2;0,66;0,8;;15
ALBUZ;API;BUSES A FENTE;STANDARD;OUI;;LILAS;25;0,82;1;;10
ALBUZ;API;BUSES A FENTE;STANDARD;OUI;;bleu;3;0,98;1,2;;10
ALBUZ;API;BUSES A FENTE;STANDARD;OUI;;ROUGE;4;1,31;1,6;;10
ALBUZ;API;BUSES A FENTE;STANDARD;OUI;;MARRON;5;1,63;2;;10
ALBUZ;API;BUSES A FENTE;STANDARD;OUI;;GRIS;6;1,96;2,4;;10
ALBUZ;API;BUSES A FENTE;STANDARD;OUI;;BLANC;8;2,61;3,2;;10
ALBUZ;ADE;BUSES A FENTE;A PASTILLE / CHAMBRE;NON;110;marron;;0,35;0,43;;15
ALBUZ;ADE;BUSES A FENTE;A PASTILLE / CHAMBRE;NON;;JAUNE;;0,49;0,61;;15
ALBUZ;ADE;BUSES A FENTE;A PASTILLE / CHAMBRE;NON;;ORANGE;;0,69;0,85;;15
ALBUZ;ADE;BUSES A FENTE;A PASTILLE / CHAMBRE;NON;;ROUGE;;0,99;1,21;;10
ALBUZ;ADE;BUSES A FENTE;A PASTILLE / CHAMBRE;NON;;VERT;;1,4;1,71;;10
ALBUZ;ADI;BUSES A FENTE;A PASTILLE / CHAMBRE;OUI;110;ORANGE;1;0,32;0,4;;15
ALBUZ;ADI;BUSES A FENTE;A PASTILLE / CHAMBRE;OUI;;VERT;15;0,49;0,6;;15
ALBUZ;ADI;BUSES A FENTE;A PASTILLE / CHAMBRE;OUI;;JAUNE;2;0,66;0,8;;15
ALBUZ;ADI;BUSES A FENTE;A PASTILLE / CHAMBRE;OUI;;LILAS;25;0,82;1;;10
ALBUZ;ADI;BUSES A FENTE;A PASTILLE / CHAMBRE;OUI;;BLEU;3;0,98;1,2;;10
ALBUZ;ADI;BUSES A FENTE;A PASTILLE / CHAMBRE;OUI;;ROUGE;4;1,31;1,6;;10
ALBUZ;CVI;BUSES A FENTE;A INJECTION D'AIR LIBRE;OUI;110;VERT;15;0,49;0,6;;15
ALBUZ;CVI;BUSES A FENTE;A INJECTION D'AIR LIBRE;OUI;;JAUNE;2;0,66;0,8;;15
ALBUZ;CVI;BUSES A FENTE;A INJECTION D'AIR LIBRE;OUI;;LILAS;25;0,82;1;;10
ALBUZ;CVI;BUSES A FENTE;A INJECTION D'AIR LIBRE;OUI;;BLEU;3;0,98;1,2;;10
ALBUZ;CVI;BUSES A FENTE;A INJECTION D'AIR LIBRE;OUI;;ROUGE;4;1,31;1,6;;10
ALBUZ;CVI;BUSES A FENTE;A INJECTION D'AIR LIBRE;OUI;;MARRON;5;1,63;2;;10
ALBUZ;AVI 110;BUSES A FENTE;A INJECTION D'AIR LIBRE;OUI;110;ORANGE;1;;0,4;;15
ALBUZ;AVI 110;BUSES A FENTE;A INJECTION D'AIR LIBRE;OUI;;VERT;15;;0,6;;15
ALBUZ;AVI 110;BUSES A FENTE;A INJECTION D'AIR LIBRE;OUI;;JAUNE;2;;0,8;;10
ALBUZ;AVI 110;BUSES A FENTE;A INJECTION D'AIR LIBRE;OUI;;LILAS;25;;1;;10
ALBUZ;AVI 110;BUSES A FENTE;A INJECTION D'AIR LIBRE;OUI;;BLEU;3;;1,2;;10
ALBUZ;AVI 110;BUSES A FENTE;A INJECTION D'AIR LIBRE;OUI;;ROUGE;4;;1,6;;10
ALBUZ;AVI 110;BUSES A FENTE;A INJECTION D'AIR LIBRE;OUI;;MARRON;5;;2;;10
ALBUZ;AVI 110;BUSES A FENTE;A INJECTION D'AIR LIBRE;OUI;;GRIS;6;;2,4;;10
ALBUZ;AVI 110;BUSES A FENTE;A INJECTION D'AIR LIBRE;OUI;;BLANC;8;;3,2;;10
ALBUZ;AVI 110;BUSES A FENTE;A INJECTION D'AIR LIBRE;OUI;;BLEU CLAIR /NOIR;10;;4;;10
ALBUZ;AVI TWIN;BUSES A DOUBLE FENTE;A INJECTION D'AIR LIBRE;OUI;110;ORANGE;1;;0,4;;15
ALBUZ;AVI TWIN;BUSES A DOUBLE FENTE;A INJECTION D'AIR LIBRE;OUI;;VERT;15;;0,6;;15
ALBUZ;AVI TWIN;BUSES A DOUBLE FENTE;A INJECTION D'AIR LIBRE;OUI;;JAUNE;2;;0,8;;10
ALBUZ;AVI TWIN;BUSES A DOUBLE FENTE;A INJECTION D'AIR LIBRE;OUI;;LILAS;25;;1;;10
ALBUZ;AVI TWIN;BUSES A DOUBLE FENTE;A INJECTION D'AIR LIBRE;OUI;;BLEU;3;;1,2;;10
ALBUZ;AVI TWIN;BUSES A DOUBLE FENTE;A INJECTION D'AIR LIBRE;OUI;;ROUGE;4;;1,6;;10
ALBUZ;AVI TWIN;BUSES A DOUBLE FENTE;A INJECTION D'AIR LIBRE;OUI;;MARRON;5;;2;;10
ALBUZ;AVI TWIN;BUSES A DOUBLE FENTE;A INJECTION D'AIR LIBRE;OUI;;GRIS;6;;2,4;;10
ALBUZ;AVI OC;BUSES A FENTE;A INJECTION D'AIR LIBRE;OUI;;ORANGE;1;;0,4;;
ALBUZ;AVI OC;BUSES A FENTE;A INJECTION D'AIR LIBRE;OUI;;JAUNE;2;;0,8;;
ALBUZ;AVI OC;BUSES A FENTE;A INJECTION D'AIR LIBRE;OUI;;LILAS;25;;1;;
ALBUZ;AVI OC;BUSES A FENTE;A INJECTION D'AIR LIBRE;OUI;;BLEU;3;;1,2;;
ALBUZ;AVI OC;BUSES A FENTE;A INJECTION D'AIR LIBRE;OUI;;ROUGE;4;;1,6;;
ALBUZ;CVI TWIN;BUSES A DOUBLE FENTE;A INJECTION D'AIR LIBRE;OUI;110;VERT;15;0,49;0,6;;15
ALBUZ;CVI TWIN;BUSES A DOUBLE FENTE;A INJECTION D'AIR LIBRE;OUI;;JAUNE;2;0,66;0,8;;15
ALBUZ;CVI TWIN;BUSES A DOUBLE FENTE;A INJECTION D'AIR LIBRE;OUI;;LILAS;25;0,82;1;;10
ALBUZ;CVI TWIN;BUSES A DOUBLE FENTE;A INJECTION D'AIR LIBRE;OUI;;BLEU;3;0,98;1,2;;10
ALBUZ;CVI TWIN;BUSES A DOUBLE FENTE;A INJECTION D'AIR LIBRE;OUI;;ROUGE;4;1,31;1,6;;10
ALBUZ;CVI TWIN;BUSES A DOUBLE FENTE;A INJECTION D'AIR LIBRE;OUI;;MARRON;5;1,63;2;;10
ALBUZ;ATR 80;BUSES A TURBULENCE;STANDARD;NON;80;BLANC;;;;0,27;15
ALBUZ;ATR 80;BUSES A TURBULENCE;STANDARD;NON;;LILAS;;;;0,36;15
ALBUZ;ATR 80;BUSES A TURBULENCE;STANDARD;NON;;MARRON;;;;0,48;15
ALBUZ;ATR 80;BUSES A TURBULENCE;STANDARD;NON;;JAUNE;;;;0,73;15
ALBUZ;ATR 80;BUSES A TURBULENCE;STANDARD;NON;;ORANGE;;;;0,99;15
ALBUZ;ATR 80;BUSES A TURBULENCE;STANDARD;NON;;ROUGE;;;;1,38;15
ALBUZ;ATR 80;BUSES A TURBULENCE;STANDARD;NON;;GRIS;;;;1,5;15
ALBUZ;ATR 80;BUSES A TURBULENCE;STANDARD;NON;;VERT;;;;1,78;15
ALBUZ;ATR 80;BUSES A TURBULENCE;STANDARD;NON;;NOIR;;;;2;15
ALBUZ;ATR 80;BUSES A TURBULENCE;STANDARD;NON;;BLEU;;;;2,45;15
ALBUZ;ATR 60;BUSES A TURBULENCE;STANDARD;NON;60;LILAS;;;;0,36;15
ALBUZ;ATR 60;BUSES A TURBULENCE;STANDARD;NON;;MARRON;;;;0,48;15
ALBUZ;ATR 60;BUSES A TURBULENCE;STANDARD;NON;;JAUNE;;;;0,73;15
ALBUZ;ATR 60;BUSES A TURBULENCE;STANDARD;NON;;ORANGE;;;;0,99;15
ALBUZ;ATR 60;BUSES A TURBULENCE;STANDARD;NON;;ROUGE;;;;1,38;15
ALBUZ;ATR 60;BUSES A TURBULENCE;STANDARD;NON;;GRIS;;;;1,5;15
ALBUZ;ATR 60;BUSES A TURBULENCE;STANDARD;NON;;VERT;;;;1,78;15
ALBUZ;ATR 60;BUSES A TURBULENCE;STANDARD;NON;;NOIR;;;;2;15
ALBUZ;ATR 60;BUSES A TURBULENCE;STANDARD;NON;;BLEU;;;;2,45;15
ALBUZ;ATI 80;BUSES A TURBULENCE;STANDARD;OUI;80;ROSE;75;;;0,32;15
ALBUZ;ATI 80;BUSES A TURBULENCE;STANDARD;OUI;;ORANGE;1;;;0,52;15
ALBUZ;ATI 80;BUSES A TURBULENCE;STANDARD;OUI;;VERT;15;;;0,77;15
ALBUZ;ATI 80;BUSES A TURBULENCE;STANDARD;OUI;;JAUNE;2;;;1,03;15
ALBUZ;ATI 80;BUSES A TURBULENCE;STANDARD;OUI;;LILAS;25;;;1,29;15
ALBUZ;ATI 80;BUSES A TURBULENCE;STANDARD;OUI;;BLEU;3;;;1,55;15
ALBUZ;ATI 80;BUSES A TURBULENCE;STANDARD;OUI;;ROUGE;4;;;2,07;15
ALBUZ;ATI 60;BUSES A TURBULENCE;STANDARD;OUI;60;ROSE;75;;;0,32;15
ALBUZ;ATI 60;BUSES A TURBULENCE;STANDARD;OUI;;ORANGE;1;;;0,52;15
ALBUZ;ATI 60;BUSES A TURBULENCE;STANDARD;OUI;;VERT;15;;;0,77;15
ALBUZ;ATI 60;BUSES A TURBULENCE;STANDARD;OUI;;JAUNE;2;;;1,03;15
ALBUZ;ATI 60;BUSES A TURBULENCE;STANDARD;OUI;;LILAS;25;;;1,29;15
ALBUZ;ATI 60;BUSES A TURBULENCE;STANDARD;OUI;;BLEU;3;;;1,55;15
ALBUZ;ATI 60;BUSES A TURBULENCE;STANDARD;OUI;;ROUGE;4;;;2,07;15
ALBUZ;TVI;BUSES A TURBULENCE;A INJECTION D'AIR LIBRE;OUI;80;VIOLET;50;;;;
ALBUZ;TVI;BUSES A TURBULENCE;A INJECTION D'AIR LIBRE;OUI;;ROSE;75;;;0,39;15
ALBUZ;TVI;BUSES A TURBULENCE;A INJECTION D'AIR LIBRE;OUI;;ORANGE;1;;;0,52;15
ALBUZ;TVI;BUSES A TURBULENCE;A INJECTION D'AIR LIBRE;OUI;;VERT;15;;;0,77;15
ALBUZ;TVI;BUSES A TURBULENCE;A INJECTION D'AIR LIBRE;OUI;;JAUNE;2;;;1,03;15
ALBUZ;TVI;BUSES A TURBULENCE;A INJECTION D'AIR LIBRE;OUI;;LILAS;25;;;1,29;15
ALBUZ;TVI;BUSES A TURBULENCE;A INJECTION D'AIR LIBRE;OUI;;BLEU;3;;;1,55;15
ALBUZ;TVI;BUSES A TURBULENCE;A INJECTION D'AIR LIBRE;OUI;;ROUGE;4;;;2,07;15
ALBUZ;AVI 80;BUSES A FENTE;A INJECTION D'AIR LIBRE;OUI;80;ORANGE;1;;;0,52;15
ALBUZ;AVI 80;BUSES A FENTE;A INJECTION D'AIR LIBRE;OUI;;VERT;15;;;0,77;15
ALBUZ;AVI 80;BUSES A FENTE;A INJECTION D'AIR LIBRE;OUI;;JAUNE;2;;;1,03;15
ALBUZ;AVI 80;BUSES A FENTE;A INJECTION D'AIR LIBRE;OUI;;LILAS;25;;;1,29;15
ALBUZ;AVI 80;BUSES A FENTE;A INJECTION D'AIR LIBRE;OUI;;BLEU;3;;;1,55;15
ALBUZ;AVI 80;BUSES A FENTE;A INJECTION D'AIR LIBRE;OUI;;ROUGE;4;;;2,07;15
ALBUZ;CVI 80;BUSES A FENTE;A INJECTION D'AIR LIBRE;OUI;80;ORANGE;1;;;;
ALBUZ;CVI 80;BUSES A FENTE;A INJECTION D'AIR LIBRE;OUI;;VERT;15;;;;
ALBUZ;CVI 80;BUSES A FENTE;A INJECTION D'AIR LIBRE;OUI;;JAUNE;2;;;;
ALBUZ;CVI 80;BUSES A FENTE;A INJECTION D'AIR LIBRE;OUI;;LILAS;25;;;;
ALBUZ;AMT PASTILLE;BUSES A PASTILLES;STANDARD;NON;;;;;;;
ALBUZ;AMT TURBULENCE;BUSES A TURBULENCE;STANDARD;NON;;G-P 007;;;0,51;;15
ALBUZ;AMT TURBULENCE;BUSES A TURBULENCE;STANDARD;NON;;G-P 008;;;0,66;;15
ALBUZ;AMT TURBULENCE;BUSES A TURBULENCE;STANDARD;NON;;G-P 010;;;1,1;;15
ALBUZ;AMT TURBULENCE;BUSES A TURBULENCE;STANDARD;NON;;G-P 012;;;1,39;;15
ALBUZ;AMT TURBULENCE;BUSES A TURBULENCE;STANDARD;NON;;G-P 015;;;2,27;;15
ALBUZ;AMT TURBULENCE;BUSES A TURBULENCE;STANDARD;NON;;G-P 018;;;3,12;;15
ALBUZ;AMT TURBULENCE;BUSES A TURBULENCE;STANDARD;NON;;G-P 020;;;3,77;;15
ALBUZ;AMT TURBULENCE;BUSES A TURBULENCE;STANDARD;NON;;G-P 023;;;4,91;;15
ALBUZ;AMT TURBULENCE;BUSES A TURBULENCE;STANDARD;NON;;G-P 040;;;15,06;;15
ALBUZ;AMT TURBULENCE;BUSES A TURBULENCE;STANDARD;NON;;P-G 007;;;0,5;;15
ALBUZ;AMT TURBULENCE;BUSES A TURBULENCE;STANDARD;NON;;P-G 008;;;0,53;;15
ALBUZ;AMT TURBULENCE;BUSES A TURBULENCE;STANDARD;NON;;P-G 010;;;0,79;;15
ALBUZ;AMT TURBULENCE;BUSES A TURBULENCE;STANDARD;NON;;P-G 012;;;1,15;;15
ALBUZ;AMT TURBULENCE;BUSES A TURBULENCE;STANDARD;NON;;P-G 015;;;1,73;;15
ALBUZ;AMT TURBULENCE;BUSES A TURBULENCE;STANDARD;NON;;P-G 018;;;2,42;;15
ALBUZ;AMT TURBULENCE;BUSES A TURBULENCE;STANDARD;NON;;P-G 020;;;3,02;;15
ALBUZ;AMT TURBULENCE;BUSES A TURBULENCE;STANDARD;NON;;P-G 023;;;3,9;;15
ALBUZ;AMT TURBULENCE;BUSES A TURBULENCE;STANDARD;NON;;P-G 040;;;12,41;;15
ALBUZ;APM;BUSES A MIROIR;STANDARD;NON;;JAUNE;;;0,95;;10
ALBUZ;APM;BUSES A MIROIR;STANDARD;NON;;ORANGE;;;1,58;;10
ALBUZ;APM;BUSES A MIROIR;STANDARD;NON;;ROUGE;;;2,38;;10
ALBUZ;APM;BUSES A MIROIR;STANDARD;NON;;VERT;;;3,18;;10
ALBUZ;APM;BUSES A MIROIR;STANDARD;NON;;BLEU;;;3,96;;10
ALBUZ;APM;BUSES A MIROIR;STANDARD;NON;;GRISE;;;5,63;;10
ALBUZ;APM;BUSES A MIROIR;STANDARD;NON;;NOIRE;;;7,35;;10
ALBUZ;MVI;BUSES A MIROIR;A INJECTION D'AIR LIBRE;OUI;;VERT;15;;0,6;;15
ALBUZ;MVI;BUSES A MIROIR;A INJECTION D'AIR LIBRE;OUI;;JAUNE;2;;0,8;;15
ALBUZ;MVI;BUSES A MIROIR;A INJECTION D'AIR LIBRE;OUI;;LILAS;25;;1;;10
ALBUZ;MVI;BUSES A MIROIR;A INJECTION D'AIR LIBRE;OUI;;BLEU;3;;1,2;;10
ALBUZ;MVI;BUSES A MIROIR;A INJECTION D'AIR LIBRE;OUI;;ROUGE;4;;1,6;;10
ALBUZ;MVI;BUSES A MIROIR;A INJECTION D'AIR LIBRE;OUI;;MARRON;5;;2;;10
ALBUZ;MVI;BUSES A MIROIR;A INJECTION D'AIR LIBRE;OUI;;GRIS;6;;2,4;;10
ALBUZ;MVI;BUSES A MIROIR;A INJECTION D'AIR LIBRE;OUI;;BLANC;8;;3,2;;10
ALBUZ;MVI;BUSES A MIROIR;A INJECTION D'AIR LIBRE;OUI;;BLEU CLAIR;10;;4;;10
LECHLER;ID;BUSES A FENTE;A INJECTION D'AIR LIBRE;OUI;120;ORANGE;1;;0,39;;15
LECHLER;ID;BUSES A FENTE;A INJECTION D'AIR LIBRE;OUI;;VERT;15;;0,59;;15
LECHLER;ID;BUSES A FENTE;A INJECTION D'AIR LIBRE;OUI;;JAUNE;2;;0,8;;15
LECHLER;ID;BUSES A FENTE;A INJECTION D'AIR LIBRE;OUI;;LILAS;25;;0,99;;10
LECHLER;ID;BUSES A FENTE;A INJECTION D'AIR LIBRE;OUI;;BLEU;3;;1,19;;10
LECHLER;ID;BUSES A FENTE;A INJECTION D'AIR LIBRE;OUI;;ROUGE;4;;1,58;;10
LECHLER;ID;BUSES A FENTE;A INJECTION D'AIR LIBRE;OUI;;MARRON;5;;1,97;;10
LECHLER;ID;BUSES A FENTE;A INJECTION D'AIR LIBRE;OUI;;GRIS;6;;2,36;;10
LECHLER;ID;BUSES A FENTE;A INJECTION D'AIR LIBRE;OUI;;BLANC;8;;3,16;;10
LECHLER;IDN;BUSES A FENTE;A INJECTION D'AIR LIBRE;OUI;;ORANGE;1;;0,39;;
LECHLER;IDN;BUSES A FENTE;A INJECTION D'AIR LIBRE;OUI;;VERT;15;;0,59;;
LECHLER;IDN;BUSES A FENTE;A INJECTION D'AIR LIBRE;OUI;;JAUNE;2;;0,8;;
LECHLER;IDN;BUSES A FENTE;A INJECTION D'AIR LIBRE;OUI;;LILAS;25;;0,99;;
LECHLER;IDN;BUSES A FENTE;A INJECTION D'AIR LIBRE;OUI;;BLEU;3;;1,19;;
LECHLER;IDN;BUSES A FENTE;A INJECTION D'AIR LIBRE;OUI;;ROUGE;4;;1,58;;
LECHLER;IDN;BUSES A FENTE;A INJECTION D'AIR LIBRE;OUI;;MARRON;5;;1,97;;
LECHLER;IDN;BUSES A FENTE;A INJECTION D'AIR LIBRE;OUI;;GRIS;6;;2,36;;
LECHLER;IDN;BUSES A FENTE;A INJECTION D'AIR LIBRE;OUI;;BLANC;8;;3,16;;
LECHLER;ID 90;BUSES A FENTE;A INJECTION D'AIR LIBRE;OUI;90;ORANGE;1;;0,39;;15
LECHLER;ID 90;BUSES A FENTE;A INJECTION D'AIR LIBRE;OUI;;VERT;15;;0,59;;15
LECHLER;ID 90;BUSES A FENTE;A INJECTION D'AIR LIBRE;OUI;;JAUNE;2;;0,8;;15
LECHLER;ID 90;BUSES A FENTE;A INJECTION D'AIR LIBRE;OUI;;LILAS;25;;0,99;;10
LECHLER;ID 90;BUSES A FENTE;A INJECTION D'AIR LIBRE;OUI;;BLEU;3;;1,19;;10
LECHLER;ID 90;BUSES A FENTE;A INJECTION D'AIR LIBRE;OUI;;ROUGE;4;;1,58;;10
LECHLER;ID 90;BUSES A FENTE;A INJECTION D'AIR LIBRE;OUI;;MARRON;5;;1,97;;10
LECHLER;ID 90;BUSES A FENTE;A INJECTION D'AIR LIBRE;OUI;;GRIS;6;;2,36;;10
LECHLER;ID 90;BUSES A FENTE;A INJECTION D'AIR LIBRE;OUI;;BLANC;8;;3,16;;10
LECHLER;IS;BUSES A FENTE;A INJECTION D'AIR LIBRE;OUI;;JAUNE;2;0,65;0,8;;15
LECHLER;IS;BUSES A FENTE;A INJECTION D'AIR LIBRE;OUI;;LILAS;25;0,81;0,99;;10
LECHLER;IS;BUSES A FENTE;A INJECTION D'AIR LIBRE;OUI;;BLEU;3;0,97;1,19;;10
LECHLER;IS;BUSES A FENTE;A INJECTION D'AIR LIBRE;OUI;;ROUGE;4;1,29;1,58;;10
LECHLER;IS;BUSES A FENTE;A INJECTION D'AIR LIBRE;OUI;;MARRON;5;1,61;1,97;;10
LECHLER;IS;BUSES A FENTE;A INJECTION D'AIR LIBRE;OUI;;GRIS;6;1,93;2,36;;10
LECHLER;IDK;BUSES A FENTE;A INJECTION D'AIR LIBRE;OUI;120;ORANGE;1;;0,39;;15
LECHLER;IDK;BUSES A FENTE;A INJECTION D'AIR LIBRE;OUI;;VERT;15;;0,59;;15
LECHLER;IDK;BUSES A FENTE;A INJECTION D'AIR LIBRE;OUI;;JAUNE;2;;0,8;;15
LECHLER;IDK;BUSES A FENTE;A INJECTION D'AIR LIBRE;OUI;;LILAS;25;;0,99;;10
LECHLER;IDK;BUSES A FENTE;A INJECTION D'AIR LIBRE;OUI;;BLEU;3;;1,19;;10
LECHLER;IDK;BUSES A FENTE;A INJECTION D'AIR LIBRE;OUI;;ROUGE;4;;1,58;;10
LECHLER;IDK;BUSES A FENTE;A INJECTION D'AIR LIBRE;OUI;;MARRON;5;;1,97;;10
LECHLER;IDKN;BUSES A FENTE;A INJECTION D'AIR LIBRE;OUI;;ORANGE;1;;0,39;;
LECHLER;IDKN;BUSES A FENTE;A INJECTION D'AIR LIBRE;OUI;;VERT;15;;0,59;;
LECHLER;IDKN;BUSES A FENTE;A INJECTION D'AIR LIBRE;OUI;;JAUNE;2;;0,8;;
LECHLER;IDKN;BUSES A FENTE;A INJECTION D'AIR LIBRE;OUI;;LILAS;25;;0,99;;
LECHLER;IDKN;BUSES A FENTE;A INJECTION D'AIR LIBRE;OUI;;BLEU;3;;1,19;;
LECHLER;IDKN;BUSES A FENTE;A INJECTION D'AIR LIBRE;OUI;;ROUGE;4;;1,58;;
LECHLER;IDKN;BUSES A FENTE;A INJECTION D'AIR LIBRE;OUI;;MARRON;5;;1,97;;
LECHLER;LU;BUSES A FENTE;STANDARD;OUI;120;ORANGE;1;0,32;0,39;;15
LECHLER;LU;BUSES A FENTE;STANDARD;OUI;;VERT;15;0,48;0,59;;15
LECHLER;LU;BUSES A FENTE;STANDARD;OUI;;JAUNE;2;0,65;0,8;;15
LECHLER;LU;BUSES A FENTE;STANDARD;OUI;;LILAS;25;0,81;0,99;;10
LECHLER;LU;BUSES A FENTE;STANDARD;OUI;;BLEU;3;0,97;1,19;;10
LECHLER;LU;BUSES A FENTE;STANDARD;OUI;;ROUGE;4;1,29;1,58;;10
LECHLER;LU;BUSES A FENTE;STANDARD;OUI;;MARRON;5;1,61;1,97;;10
LECHLER;LU;BUSES A FENTE;STANDARD;OUI;;GRIS;6;1,93;2,36;;10
LECHLER;LU;BUSES A FENTE;STANDARD;OUI;;BLANC;8;2,58;3,16;;10
LECHLER;LU 90;BUSES A FENTE;STANDARD;OUI;90;ORANGE;1;0,32;0,39;;15
LECHLER;LU 90;BUSES A FENTE;STANDARD;OUI;;VERT;15;0,48;0,59;;15
LECHLER;LU 90;BUSES A FENTE;STANDARD;OUI;;JAUNE;2;0,65;0,8;;15
LECHLER;LU 90;BUSES A FENTE;STANDARD;OUI;;LILAS;25;0,81;0,99;;10
LECHLER;LU 90;BUSES A FENTE;STANDARD;OUI;;BLEU;3;0,97;1,19;;10
LECHLER;LU 90;BUSES A FENTE;STANDARD;OUI;;ROUGE;4;1,29;1,58;;10
LECHLER;LU 90;BUSES A FENTE;STANDARD;OUI;;MARRON;5;1,61;1,97;;10
LECHLER;LU 90;BUSES A FENTE;STANDARD;OUI;;GRIS;6;1,93;2,36;;10
LECHLER;LU 90;BUSES A FENTE;STANDARD;OUI;;BLANC;8;2,58;3,16;;10
LECHLER;AD;BUSES A FENTE;A PASTILLE / CHAMBRE;OUI;120 - 90;VERT;15;;0,59;;15
LECHLER;AD;BUSES A FENTE;A PASTILLE / CHAMBRE;OUI;;JAUNE;2;;0,8;;15
LECHLER;AD;BUSES A FENTE;A PASTILLE / CHAMBRE;OUI;;LILAS;25;;0,99;;10
LECHLER;AD;BUSES A FENTE;A PASTILLE / CHAMBRE;OUI;;BLEU;3;;1,19;;10
LECHLER;AD;BUSES A FENTE;A PASTILLE / CHAMBRE;OUI;;ROUGE;4;;1,58;;10
LECHLER;ST;BUSES A FENTE;STANDARD;OUI;110 - 80;ORANGE;1;0,32;0,39;;15
LECHLER;ST;BUSES A FENTE;STANDARD;OUI;;VERT;15;0,48;0,59;;15
LECHLER;ST;BUSES A FENTE;STANDARD;OUI;;JAUNE;2;0,65;0,8;;15
LECHLER;ST;BUSES A FENTE;STANDARD;OUI;;LILAS;25;0,81;0,99;;10
LECHLER;ST;BUSES A FENTE;STANDARD;OUI;;BLEU;3;0,97;1,19;;10
LECHLER;ST;BUSES A FENTE;STANDARD;OUI;;ROUGE;4;1,29;1,58;;10
LECHLER;ST;BUSES A FENTE;STANDARD;OUI;;MARRON;5;1,61;1,97;;10
LECHLER;ST;BUSES A FENTE;STANDARD;OUI;;GRIS;6;1,93;2,36;;10
LECHLER;ST;BUSES A FENTE;STANDARD;OUI;;BLANC;8;2,58;3,16;;10
LECHLER;IDKT;BUSES A DOUBLE FENTE;A INJECTION D'AIR LIBRE;OUI;120;ORANGE;1;;0,39;;15
LECHLER;IDKT;BUSES A DOUBLE FENTE;A INJECTION D'AIR LIBRE;OUI;;VERT;15;;0,59;;15
LECHLER;IDKT;BUSES A DOUBLE FENTE;A INJECTION D'AIR LIBRE;OUI;;JAUNE;2;;0,8;;15
LECHLER;IDKT;BUSES A DOUBLE FENTE;A INJECTION D'AIR LIBRE;OUI;;LILAS;25;;0,99;;10
LECHLER;IDKT;BUSES A DOUBLE FENTE;A INJECTION D'AIR LIBRE;OUI;;BLEU;3;;1,19;;10
LECHLER;IDKT;BUSES A DOUBLE FENTE;A INJECTION D'AIR LIBRE;OUI;;ROUGE;4;;1,58;;10
LECHLER;IDKT;BUSES A DOUBLE FENTE;A INJECTION D'AIR LIBRE;OUI;;MARRON;5;;1,97;;10
LECHLER;DF;BUSES A DOUBLE FENTE;STANDARD;OUI;120;JAUNE;2;0,65;0,8;;15
LECHLER;DF;BUSES A DOUBLE FENTE;STANDARD;OUI;;BLEU;3;0,97;1,19;;10
LECHLER;DF;BUSES A DOUBLE FENTE;STANDARD;OUI;;ROUGE;4;1,29;1,58;;10
LECHLER;DF;BUSES A DOUBLE FENTE;STANDARD;OUI;;MARRON;5;1,61;1,97;;10
LECHLER;DF;BUSES A DOUBLE FENTE;STANDARD;OUI;;GRIS;6;1,93;2,36;;10
LECHLER;ID 90 (ARBO);BUSES A FENTE;A INJECTION D'AIR LIBRE;OUI;90;ORANGE;1;;0,39;;15
LECHLER;ID 90 (ARBO);BUSES A FENTE;A INJECTION D'AIR LIBRE;OUI;;VERT;15;;0,59;;15
LECHLER;ID 90 (ARBO);BUSES A FENTE;A INJECTION D'AIR LIBRE;OUI;;JAUNE;2;;0,8;;15
LECHLER;ID 90 (ARBO);BUSES A FENTE;A INJECTION D'AIR LIBRE;OUI;;LILAS;25;;0,99;;15
LECHLER;ID 90 (ARBO);BUSES A FENTE;A INJECTION D'AIR LIBRE;OUI;;BLEU;3;;1,17;;15
LECHLER;ID 90 (ARBO);BUSES A FENTE;A INJECTION D'AIR LIBRE;OUI;;ROUGE;4;;1,55;;15
LECHLER;ID 90 (ARBO);BUSES A FENTE;A INJECTION D'AIR LIBRE;OUI;;MARRON;5;;1,94;;15
LECHLER;ID 90 (ARBO);BUSES A FENTE;A INJECTION D'AIR LIBRE;OUI;;GRIS;6;;2,32;;15
LECHLER;TR 80;BUSES A TURBULENCE;STANDARD;OUI;80;ROSE;5;;;0,25;15
LECHLER;TR 80;BUSES A TURBULENCE;STANDARD;OUI;;NOIRE;67;;;0,35;15
LECHLER;TR 80;BUSES A TURBULENCE;STANDARD;OUI;;ORANGE;1;;;0,51;15
LECHLER;TR 80;BUSES A TURBULENCE;STANDARD;OUI;;VERT;15;;;0,76;15
LECHLER;TR 80;BUSES A TURBULENCE;STANDARD;OUI;;JAUNE;2;;;1,01;15
LECHLER;TR 80;BUSES A TURBULENCE;STANDARD;OUI;;BLEU;3;;;1,52;15
LECHLER;TR 80;BUSES A TURBULENCE;STANDARD;OUI;;ROUGE;4;;;2,02;15
LECHLER;TR 80;BUSES A TURBULENCE;STANDARD;OUI;;MARRON;5;;;2,5;15
LECHLER;ITR 80;BUSES A TURBULENCE;A INJECTION D'AIR LIBRE;OUI;80;ROSE;5;;;0,25;15
LECHLER;ITR 80;BUSES A TURBULENCE;A INJECTION D'AIR LIBRE;OUI;;NOIRE;67;;;0,35;15
LECHLER;ITR 80;BUSES A TURBULENCE;A INJECTION D'AIR LIBRE;OUI;;ORANGE;1;;;0,51;15
LECHLER;ITR 80;BUSES A TURBULENCE;A INJECTION D'AIR LIBRE;OUI;;VERT;15;;;0,76;15
LECHLER;ITR 80;BUSES A TURBULENCE;A INJECTION D'AIR LIBRE;OUI;;JAUNE;2;;;1,01;15
LECHLER;ITR 80;BUSES A TURBULENCE;A INJECTION D'AIR LIBRE;OUI;;BLEU;3;;;1,52;15
LECHLER;ITR 80;BUSES A TURBULENCE;A INJECTION D'AIR LIBRE;OUI;;ROUGE;4;;;2,02;15
LECHLER;ITR 80;BUSES A TURBULENCE;A INJECTION D'AIR LIBRE;OUI;;MARRON;5;;;2,5;15
LECHLER;ES;BUSES A FENTE;STANDARD;OUI;90;ORANGE;1;;0,39;;15
LECHLER;ES;BUSES A FENTE;STANDARD;OUI;;VERT;15;;0,59;;15
LECHLER;ES;BUSES A FENTE;STANDARD;OUI;;JAUNE;2;;0,8;;15
LECHLER;ES;BUSES A FENTE;STANDARD;OUI;;LILAS;25;;0,99;;10
LECHLER;ES;BUSES A FENTE;STANDARD;OUI;;BLEU;3;;1,17;;10
LECHLER;ES;BUSES A FENTE;STANDARD;OUI;;ROUGE;4;;1,55;;10
LECHLER;ES;BUSES A FENTE;STANDARD;OUI;;MARRON;5;;1,94;;10
LECHLER;ES;BUSES A FENTE;STANDARD;OUI;;GRIS;6;;2,32;;10
LECHLER;ES;BUSES A FENTE;STANDARD;OUI;;BLANC;8;;3,16;;10
LECHLER;QS;BUSES A FENTE;STANDARD;OUI;80;VERT;15;;0,59;;15
LECHLER;QS;BUSES A FENTE;STANDARD;OUI;;JAUNE;2;;0,8;;15
LECHLER;QS;BUSES A FENTE;STANDARD;OUI;;LILAS;25;;0,99;;10
LECHLER;FT;BUSES A MIROIR;STANDARD;OUI;140;VERT;15;;0,59;;15
LECHLER;FT;BUSES A MIROIR;STANDARD;OUI;;JAUNE;2;;0,8;;15
LECHLER;FT;BUSES A MIROIR;STANDARD;OUI;;BLEU;3;;1,17;;10
LECHLER;FT;BUSES A MIROIR;STANDARD;OUI;;ROUGE;4;;1,55;;10
LECHLER;FT;BUSES A MIROIR;STANDARD;OUI;;MARRON;5;;1,94;;10
LECHLER;FT;BUSES A MIROIR;STANDARD;OUI;;GRIS;6;;2,32;;10
ARAG - ASJ;SFA;BUSES A FENTE;A INJECTION D'AIR LIBRE;OUI;110;ORANGE;1;0,33;0,4;;15
ARAG - ASJ;SFA;BUSES A FENTE;A INJECTION D'AIR LIBRE;OUI;;VERT;15;0,49;0,6;;15
ARAG - ASJ;SFA;BUSES A FENTE;A INJECTION D'AIR LIBRE;OUI;;JAUNE;2;0,65;0,8;;15
ARAG - ASJ;SFA;BUSES A FENTE;A INJECTION D'AIR LIBRE;OUI;;LILAS;25;0,82;1;;10
ARAG - ASJ;SFA;BUSES A FENTE;A INJECTION D'AIR LIBRE;OUI;;BLEU;3;0,98;1,2;;10
ARAG - ASJ;SFA;BUSES A FENTE;A INJECTION D'AIR LIBRE;OUI;;ROUGE;4;1,31;1,6;;10
ARAG - ASJ;SFA;BUSES A FENTE;A INJECTION D'AIR LIBRE;OUI;;MARRON;5;1,63;2;;10
ARAG - ASJ;SFA;BUSES A FENTE;A INJECTION D'AIR LIBRE;OUI;;GRIS;6;;2,4;;10
ARAG - ASJ;SFA;BUSES A FENTE;A INJECTION D'AIR LIBRE;OUI;;BLANC ;8;;3,2;;10
ARAG - ASJ;SFA;BUSES A FENTE;A INJECTION D'AIR LIBRE;OUI;;BLEU CIEL;10;;4;;10
ARAG - ASJ;AFC;BUSES A FENTE;A INJECTION D'AIR LIBRE;OUI;110;ORANGE;1;0,33;0,4;;15
ARAG - ASJ;AFC;BUSES A FENTE;A INJECTION D'AIR LIBRE;OUI;;VERT;15;0,49;0,6;;15
ARAG - ASJ;AFC;BUSES A FENTE;A INJECTION D'AIR LIBRE;OUI;;JAUNE;2;0,65;0,8;;15
ARAG - ASJ;AFC;BUSES A FENTE;A INJECTION D'AIR LIBRE;OUI;;LILAS;25;0,82;1;;10
ARAG - ASJ;AFC;BUSES A FENTE;A INJECTION D'AIR LIBRE;OUI;;BLEU;3;0,98;1,2;;10
ARAG - ASJ;AFC;BUSES A FENTE;A INJECTION D'AIR LIBRE;OUI;;ROUGE;4;1,31;1,6;;10
ARAG - ASJ;AFC;BUSES A FENTE;A INJECTION D'AIR LIBRE;OUI;;MARRON;5;1,63;2;;10
ARAG - ASJ;CFA;BUSES A FENTE;A INJECTION D'AIR LIBRE;OUI;95-100-110;ORANGE;1;0,33;0,4;;15
ARAG - ASJ;CFA;BUSES A FENTE;A INJECTION D'AIR LIBRE;OUI;;VERT;15;0,49;0,6;;15
ARAG - ASJ;CFA;BUSES A FENTE;A INJECTION D'AIR LIBRE;OUI;;JAUNE;2;0,65;0,8;;15
ARAG - ASJ;CFA;BUSES A FENTE;A INJECTION D'AIR LIBRE;OUI;;LILAS;25;0,82;1;;10
ARAG - ASJ;CFA;BUSES A FENTE;A INJECTION D'AIR LIBRE;OUI;;BLEU;3;0,98;1,2;;10
ARAG - ASJ;CFA;BUSES A FENTE;A INJECTION D'AIR LIBRE;OUI;;ROUGE;4;1,31;1,6;;10
ARAG - ASJ;CFA;BUSES A FENTE;A INJECTION D'AIR LIBRE;OUI;;MARRON;5;1,63;2;;10
ARAG - ASJ;SF;BUSES A FENTE;STANDARD;OUI;110/80;ORANGE;1;0,33;0,4;;15
ARAG - ASJ;SF;BUSES A FENTE;STANDARD;OUI;;VERT;15;0,49;0,6;;15
ARAG - ASJ;SF;BUSES A FENTE;STANDARD;OUI;;JAUNE;2;0,65;0,8;;15
ARAG - ASJ;SF;BUSES A FENTE;STANDARD;OUI;;LILAS;25;0,82;1;;10
ARAG - ASJ;SF;BUSES A FENTE;STANDARD;OUI;;BLEU;3;0,98;1,2;;10
ARAG - ASJ;SF;BUSES A FENTE;STANDARD;OUI;;ROUGE;4;1,31;1,6;;10
ARAG - ASJ;SF;BUSES A FENTE;STANDARD;OUI;;MARRON;5;1,63;2;;10
ARAG - ASJ;SF;BUSES A FENTE;STANDARD;OUI;;GRIS;6;1,96;2,4;;10
ARAG - ASJ;SF;BUSES A FENTE;STANDARD;OUI;;BLANC;8;2,61;3,2;;10
ARAG - ASJ;SF;BUSES A FENTE;STANDARD;OUI;;SF11010;10;3,27;4;;10
ARAG - ASJ;SF;BUSES A FENTE;STANDARD;OUI;;SF11015;15;4,9;6;;10
ARAG - ASJ;WR;BUSES A FENTE;STANDARD;OUI;110;ORANGE;1;0,33;0,4;;15
ARAG - ASJ;WR;BUSES A FENTE;STANDARD;OUI;;VERT;15;0,49;0,6;;15
ARAG - ASJ;WR;BUSES A FENTE;STANDARD;OUI;;JAUNE;2;0,65;0,8;;15
ARAG - ASJ;WR;BUSES A FENTE;STANDARD;OUI;;LILAS;25;0,82;1;;10
ARAG - ASJ;WR;BUSES A FENTE;STANDARD;OUI;;BLEU;3;0,98;1,2;;10
ARAG - ASJ;WR;BUSES A FENTE;STANDARD;OUI;;ROUGE;4;1,31;1,6;;10
ARAG - ASJ;WRC;BUSES A FENTE;STANDARD;OUI;110;ORANGE;1;0,33;0,4;;15
ARAG - ASJ;WRC;BUSES A FENTE;STANDARD;OUI;;VERT;15;0,49;0,6;;15
ARAG - ASJ;WRC;BUSES A FENTE;STANDARD;OUI;;JAUNE;2;0,65;0,8;;15
ARAG - ASJ;WRC;BUSES A FENTE;STANDARD;OUI;;LILAS;25;0,82;1;;10
ARAG - ASJ;WRC;BUSES A FENTE;STANDARD;OUI;;BLEU;3;0,98;1,2;;10
ARAG - ASJ;WRC;BUSES A FENTE;STANDARD;OUI;;ROUGE;4;1,31;1,6;;10
ARAG - ASJ;LD;BUSES A FENTE;A PASTILLE / CHAMBRE;OUI;110-80;ORANGE;1;0,33;0,4;;15
ARAG - ASJ;LD;BUSES A FENTE;A PASTILLE / CHAMBRE;OUI;;VERT;15;0,49;0,6;;15
ARAG - ASJ;LD;BUSES A FENTE;A PASTILLE / CHAMBRE;OUI;;JAUNE;2;0,65;0,8;;15
ARAG - ASJ;LD;BUSES A FENTE;A PASTILLE / CHAMBRE;OUI;;LILAS;25;0,82;1;;10
ARAG - ASJ;LD;BUSES A FENTE;A PASTILLE / CHAMBRE;OUI;;BLEU;3;0,98;1,2;;10
ARAG - ASJ;LD;BUSES A FENTE;A PASTILLE / CHAMBRE;OUI;;ROUGE;4;1,31;1,6;;10
ARAG - ASJ;LD;BUSES A FENTE;A PASTILLE / CHAMBRE;OUI;;MARRON;5;1,63;2;;10
ARAG - ASJ;LDC;BUSES A FENTE;A PASTILLE / CHAMBRE;OUI;110;ORANGE;1;0,33;0,4;;15
ARAG - ASJ;LDC;BUSES A FENTE;A PASTILLE / CHAMBRE;OUI;;VERT;15;0,49;0,6;;15
ARAG - ASJ;LDC;BUSES A FENTE;A PASTILLE / CHAMBRE;OUI;;JAUNE;2;0,65;0,8;;15
ARAG - ASJ;LDC;BUSES A FENTE;A PASTILLE / CHAMBRE;OUI;;BLEU;3;0,98;1,2;;10
ARAG - ASJ;LDC;BUSES A FENTE;A PASTILLE / CHAMBRE;OUI;;ROUGE;4;1,31;1,6;;10
ARAG - ASJ;LDC;BUSES A FENTE;A PASTILLE / CHAMBRE;OUI;;MARRON;5;1,63;2;;10
ARAG - ASJ;HC;BUSES A TURBULENCE;STANDARD;OUI;80;ORANGE;1;;0,4;0,52;15
ARAG - ASJ;HC;BUSES A TURBULENCE;STANDARD;OUI;120;VERT;15;;0,6;0,77;15
ARAG - ASJ;HC;BUSES A TURBULENCE;STANDARD;OUI;85;JAUNE;2;;0,8;1,03;15
ARAG - ASJ;HC;BUSES A TURBULENCE;STANDARD;OUI;85;BRUN;35;;1,4;1,81;10
ARAG - ASJ;HC;BUSES A TURBULENCE;STANDARD;OUI;90;ROUGE;4;;1,6;2,07;10
ARAG - ASJ;HC;BUSES A TURBULENCE;STANDARD;OUI;100;MARRON;5;;2;2,58;10
ARAG - ASJ;HC;BUSES A TURBULENCE;STANDARD;OUI;100;GRIS;6;;2,4;3,1;10
ARAG - ASJ;HCC;BUSES A TURBULENCE;STANDARD;NON;;HCC005;;;0,21;0,27;15
ARAG - ASJ;HCC;BUSES A TURBULENCE;STANDARD;NON;;HCC0075;;;0,29;0,35;15
ARAG - ASJ;HCC;BUSES A TURBULENCE;STANDARD;NON;;HCC01;;;0,39;0,48;15
ARAG - ASJ;HCC;BUSES A TURBULENCE;STANDARD;NON;;HCC0015;;;0,55;0,71;10
ARAG - ASJ;HCC;BUSES A TURBULENCE;STANDARD;NON;;HCC02;;;0,81;1,02;10
ARAG - ASJ;HCC;BUSES A TURBULENCE;STANDARD;NON;;HCC025;;;1,15;1,36;10
ARAG - ASJ;HCC;BUSES A TURBULENCE;STANDARD;NON;;HCC03;;;1,18;1,5;10
ARAG - ASJ;HCC;BUSES A TURBULENCE;STANDARD;NON;;HCC035;;;1,46;1,77;10
ARAG - ASJ;HCC;BUSES A TURBULENCE;STANDARD;NON;;HCC04;;;1,57;2;10
ARAG - ASJ;HCC;BUSES A TURBULENCE;STANDARD;NON;;HCC05;;;2,02;2,4;10
ARAG - ASJ;HCI;BUSES A TURBULENCE;STANDARD;OUI;40-60-80;ORANGE;1;;0,4;0,52;15
ARAG - ASJ;HCI;BUSES A TURBULENCE;STANDARD;OUI;;VERT;15;;0,6;0,77;15
ARAG - ASJ;HCI;BUSES A TURBULENCE;STANDARD;OUI;;JAUNE;2;;0,8;1,03;15
ARAG - ASJ;HCI;BUSES A TURBULENCE;STANDARD;OUI;;BRUN;35;;1,4;1,81;10
ARAG - ASJ;HCI;BUSES A TURBULENCE;STANDARD;OUI;;ROUGE;4;;1,6;2,07;10
ARAG - ASJ;HCI;BUSES A TURBULENCE;STANDARD;OUI;;MARRON;5;;2;2,58;10
ARAG - ASJ;HCI;BUSES A TURBULENCE;STANDARD;OUI;;GRIS;6;;2,4;3,1;10
ARAG - ASJ;DEF;BUSES A MIROIR;STANDARD;OUI;53-90-100-110-125;ORANGE;1;;;;15
ARAG - ASJ;DEF;BUSES A MIROIR;STANDARD;OUI;;VERT;15;;;;15
ARAG - ASJ;DEF;BUSES A MIROIR;STANDARD;OUI;;JAUNE;2;;;;15
ARAG - ASJ;DEF;BUSES A MIROIR;STANDARD;OUI;;LILAS;25;;;;10
ARAG - ASJ;DEF;BUSES A MIROIR;STANDARD;OUI;;ROUGE;4;;;;10
ARAG - ASJ;DEF;BUSES A MIROIR;STANDARD;OUI;;MARRON;5;;;;10
ARAG - ASJ;DEF;BUSES A MIROIR;STANDARD;OUI;;GRIS;6;;;;10
ARAG - ASJ;DEF;BUSES A MIROIR;STANDARD;OUI;;BLANC;8;;;;10
ARAG - ASJ;DEF;BUSES A MIROIR;STANDARD;OUI;;105;105;;;;10
ARAG - ASJ;DEF 140;BUSES A MIROIR;STANDARD;NON;140;VERT;;1;1,22;;10
ARAG - ASJ;DEF 140;BUSES A MIROIR;STANDARD;NON;;JAUNE;;1,25;1,53;;10
ARAG - ASJ;DEF 140;BUSES A MIROIR;STANDARD;NON;;LILAS;;1,6;1,96;;10
ARAG - ASJ;DEF 140;BUSES A MIROIR;STANDARD;NON;;BLEU;;2;2,45;;10
ARAG - ASJ;DEF 140;BUSES A MIROIR;STANDARD;NON;;ROUGE;;2,5;3,06;;10
ARAG - ASJ;DEF 140;BUSES A MIROIR;STANDARD;NON;;MARRON;;3,15;3,86;;10
ARAG - ASJ;DEF 140;BUSES A MIROIR;STANDARD;NON;;140075;;5;6,12;;10
ARAG - ASJ;DEF 140;BUSES A MIROIR;STANDARD;NON;;140010;;6,3;7,72;;10
ARAG - ASJ;TFS;BUSES A DOUBLE FENTE;STANDARD;OUI;110;JAUNE;2;0,65;0,8;;15
ARAG - ASJ;TFS;BUSES A DOUBLE FENTE;STANDARD;OUI;;BLEU;3;0,98;1,2;;10
ARAG - ASJ;TFS;BUSES A DOUBLE FENTE;STANDARD;OUI;;ROUGE;4;1,31;1,6;;10
ARAG - ASJ;TFS;BUSES A DOUBLE FENTE;STANDARD;OUI;;MARRON;5;1,63;2;;10
ARAG - ASJ;TFLD;BUSES A DOUBLE FENTE;A PASTILLE / CHAMBRE;OUI;110;JAUNE;2;0,65;0,8;;15
ARAG - ASJ;TFLD;BUSES A DOUBLE FENTE;A PASTILLE / CHAMBRE;OUI;;BLEU;3;0,98;1,2;;10
ARAG - ASJ;TFLD;BUSES A DOUBLE FENTE;A PASTILLE / CHAMBRE;OUI;;ROUGE;4;1,31;1,6;;10
ARAG - ASJ;TFLD;BUSES A DOUBLE FENTE;A PASTILLE / CHAMBRE;OUI;;MARRON;5;1,63;2;;10
ARAG - ASJ;TLT;BUSES A FENTE;STANDARD;OUI;110;110035;35;1,06;1,32;;
ARAG - ASJ;EF;BUSES A FENTE;STANDARD;OUI;80;VERT;15;0,49;0,6;;15
ARAG - ASJ;EF;BUSES A FENTE;STANDARD;OUI;;JAUNE;2;0,65;0,8;;15
ARAG - ASJ;EF;BUSES A FENTE;STANDARD;OUI;;BLEU;3;0,98;1,2;;10
ARAG - ASJ;EF;BUSES A FENTE;STANDARD;OUI;;ROUGE;4;1,31;1,6;;10
ARAG - ASJ;EF;BUSES A FENTE;STANDARD;OUI;;MARRON;5;;;;
ARAG - ASJ;EF;BUSES A FENTE;STANDARD;OUI;;GRIS;6;;;;
ARAG - ASJ;EF;BUSES A FENTE;STANDARD;OUI;;BLANC;8;;;;
ARAG - ASJ;TFA;BUSES A DOUBLE FENTE;A INJECTION D'AIR LIBRE;OUI;95-110;JAUNE;2;0,65;0,8;;
ARAG - ASJ;TFA;BUSES A DOUBLE FENTE;A INJECTION D'AIR LIBRE;OUI;;BLEU;3;0,98;1,2;;
ARAG - ASJ;TFA;BUSES A DOUBLE FENTE;A INJECTION D'AIR LIBRE;OUI;;ROUGE;4;1,31;1,6;;
ARAG - ASJ;TFA;BUSES A DOUBLE FENTE;A INJECTION D'AIR LIBRE;OUI;;MARRON;5;1,63;2;;
BERTHOUD;MULTICALIBRAGE;BUSES A PASTILLES;STANDARD;NON;;;;;;;
BERTHOUD;SAPHIREX;BUSES A TURBULENCE;STANDARD;NON;;;;;;;
BERTHOUD;PASTILLE REX + HELICE NOIRE;BUSES A TURBULENCE;STANDARD;NON;;15-oct;;;;1,4;15
BERTHOUD;PASTILLE REX + HELICE NOIRE;BUSES A TURBULENCE;STANDARD;NON;;18-oct;;;;1,82;15
BERTHOUD;PASTILLE REX + HELICE NOIRE;BUSES A TURBULENCE;STANDARD;NON;;20-oct;;;;2,1;15
BERTHOUD;PASTILLE REX + HELICE NOIRE;BUSES A TURBULENCE;STANDARD;NON;;25-oct;;;;2,47;15
BERTHOUD;PASTILLE REX + HELICE NOIRE;BUSES A TURBULENCE;STANDARD;NON;;30-oct;;;;3,3;15
BERTHOUD;PASTILLE REX + HELICE BLANCHE;BUSES A TURBULENCE;STANDARD;NON;;06-oct;;;;0,285;15
BERTHOUD;PASTILLE REX + HELICE BLANCHE;BUSES A TURBULENCE;STANDARD;NON;;08-oct;;;;0,4;15
BERTHOUD;PASTILLE REX + HELICE BLANCHE;BUSES A TURBULENCE;STANDARD;NON;;10-oct;;;;0,5;15
BERTHOUD;PASTILLE REX + HELICE BLANCHE;BUSES A TURBULENCE;STANDARD;NON;;12-oct;;;;0,66;15
BERTHOUD;PASTILLE REX + HELICE BLANCHE;BUSES A TURBULENCE;STANDARD;NON;;15-oct;;;;0,83;15
BERTHOUD;PASTILLE REX + HELICE BLANCHE;BUSES A TURBULENCE;STANDARD;NON;;18-oct;;;;1,05;15
BFS;AIR BUBBLE JETS;BUSES A FENTE;A INJECTION D'AIR LIBRE;OUI;110;ORANGE;1;0,32;0,39;;15
BFS;AIR BUBBLE JETS;BUSES A FENTE;A INJECTION D'AIR LIBRE;OUI;110;VERT;15;0,48;0,59;;15
BFS;AIR BUBBLE JETS;BUSES A FENTE;A INJECTION D'AIR LIBRE;OUI;110;JAUNE;2;0,65;0,8;;15
BFS;AIR BUBBLE JETS;BUSES A FENTE;A INJECTION D'AIR LIBRE;OUI;110;LILAS;25;0,81;0,99;;10
BFS;AIR BUBBLE JETS;BUSES A FENTE;A INJECTION D'AIR LIBRE;OUI;110;BLEU;3;0,97;1,19;;10
BFS;AIR BUBBLE JETS;BUSES A FENTE;A INJECTION D'AIR LIBRE;OUI;110;ROUGE;4;1,29;1,58;;10
BFS;AIR BUBBLE JETS;BUSES A FENTE;A INJECTION D'AIR LIBRE;OUI;110;MARRON;5;1,61;1,97;;10
BFS;AIR BUBBLE JETS;BUSES A FENTE;A INJECTION D'AIR LIBRE;OUI;110;GRIS;6;1,93;2,36;;10
BOBARD;PASTILLE + HELICE;BUSES A TURBULENCE;STANDARD;NON;;;;;;;
HARDI;F110;BUSES A FENTE;STANDARD;OUI;110;ROSE;75;0,24;0,3;;15
HARDI;F110;BUSES A FENTE;STANDARD;OUI;;ORANGE;1;0,33;0,4;;15
HARDI;F110;BUSES A FENTE;STANDARD;OUI;;VERT;15;0,49;0,6;;15
HARDI;F110;BUSES A FENTE;STANDARD;OUI;;JAUNE;2;0,65;0,8;;15
HARDI;F110;BUSES A FENTE;STANDARD;OUI;;LILAS;25;0,82;1;;10
HARDI;F110;BUSES A FENTE;STANDARD;OUI;;BLEU;3;0,98;1,2;;10
HARDI;F110;BUSES A FENTE;STANDARD;OUI;;ROUGE;4;1,31;1,6;;10
HARDI;F110;BUSES A FENTE;STANDARD;OUI;;MARRON;5;1,63;2;;10
HARDI;F110;BUSES A FENTE;STANDARD;OUI;;GRIS;6;1,96;2,4;;10
HARDI;F110;BUSES A FENTE;STANDARD;OUI;;BLANC;8;2,61;3,2;;10
HARDI;F110;BUSES A FENTE;STANDARD;OUI;;BLEU CLAIR;10;3,27;4;;10
HARDI;F80;BUSES A FENTE;STANDARD;OUI;80;ORANGE;1;0,33;0,4;;15
HARDI;F80;BUSES A FENTE;STANDARD;OUI;;VERT;15;0,49;0,6;;15
HARDI;F80;BUSES A FENTE;STANDARD;OUI;;JAUNE;2;0,65;0,8;;15
HARDI;F80;BUSES A FENTE;STANDARD;OUI;;BLEU;3;0,98;1,2;;10
HARDI;LD110;BUSES A FENTE;A PASTILLE / CHAMBRE;OUI;110;ORANGE;1;0,33;0,4;;15
HARDI;LD110;BUSES A FENTE;A PASTILLE / CHAMBRE;OUI;;VERT;15;0,49;0,6;;15
HARDI;LD110;BUSES A FENTE;A PASTILLE / CHAMBRE;OUI;;JAUNE;2;0,65;0,8;;15
HARDI;LD110;BUSES A FENTE;A PASTILLE / CHAMBRE;OUI;;LILAS;25;0,82;1;;10
HARDI;LD110;BUSES A FENTE;A PASTILLE / CHAMBRE;OUI;;BLEU;3;0,98;1,2;;10
HARDI;LD110;BUSES A FENTE;A PASTILLE / CHAMBRE;OUI;;ROUGE;4;1,31;1,6;;10
HARDI;LD110;BUSES A FENTE;A PASTILLE / CHAMBRE;OUI;;MARRON;5;1,63;2;;10
HARDI;INJET;BUSES A FENTE;A INJECTION D'AIR LIBRE;OUI;110;ORANGE;1;0,33;0,4;;15
HARDI;INJET;BUSES A FENTE;A INJECTION D'AIR LIBRE;OUI;;VERT;15;0,49;0,6;;15
HARDI;INJET;BUSES A FENTE;A INJECTION D'AIR LIBRE;OUI;;JAUNE;2;0,65;0,8;;15
HARDI;INJET;BUSES A FENTE;A INJECTION D'AIR LIBRE;OUI;;LILAS;25;0,82;1;;10
HARDI;INJET;BUSES A FENTE;A INJECTION D'AIR LIBRE;OUI;;BLEU;3;0,98;1,2;;10
HARDI;INJET;BUSES A FENTE;A INJECTION D'AIR LIBRE;OUI;;ROUGE;4;1,31;1,6;;10
HARDI;INJET;BUSES A FENTE;A INJECTION D'AIR LIBRE;OUI;;MARRON;5;1,63;2;;10
HARDI;INJET;BUSES A FENTE;A INJECTION D'AIR LIBRE;OUI;;GRIS;6;1,96;2,4;;10
HARDI;INJET;BUSES A FENTE;A INJECTION D'AIR LIBRE;OUI;;BLANC;8;2,61;3,2;;10
HARDI;MINIDRIFT (MD);BUSES A FENTE;A INJECTION D'AIR LIBRE;OUI;110;VERT;15;0,49;0,6;;15
HARDI;MINIDRIFT (MD);BUSES A FENTE;A INJECTION D'AIR LIBRE;OUI;;JAUNE;2;0,65;0,8;;15
HARDI;MINIDRIFT (MD);BUSES A FENTE;A INJECTION D'AIR LIBRE;OUI;;LILAS;25;0,82;1;;10
HARDI;MINIDRIFT (MD);BUSES A FENTE;A INJECTION D'AIR LIBRE;OUI;;BLEU;3;0,98;1,2;;10
HARDI;MINIDRIFT (MD);BUSES A FENTE;A INJECTION D'AIR LIBRE;OUI;;ROUGE;4;1,31;1,6;;10
HARDI;MINIDRIFT (MD);BUSES A FENTE;A INJECTION D'AIR LIBRE;OUI;;MARRON;5;1,63;2;;10
HARDI;MINIDRIFT DUO (MDD);BUSES A DOUBLE FENTE;A INJECTION D'AIR LIBRE;OUI;110;VERT;15;0,49;0,6;;15
HARDI;MINIDRIFT DUO (MDD);BUSES A DOUBLE FENTE;A INJECTION D'AIR LIBRE;OUI;;JAUNE;2;0,65;0,8;;15
HARDI;MINIDRIFT DUO (MDD);BUSES A DOUBLE FENTE;A INJECTION D'AIR LIBRE;OUI;;LILAS;25;0,82;1;;10
HARDI;MINIDRIFT DUO (MDD);BUSES A DOUBLE FENTE;A INJECTION D'AIR LIBRE;OUI;;BLEU;3;0,98;1,2;;10
HARDI;MINIDRIFT DUO (MDD);BUSES A DOUBLE FENTE;A INJECTION D'AIR LIBRE;OUI;;ROUGE;4;1,31;1,6;;10
HARDI;MINIDRIFT DUO (MDD);BUSES A DOUBLE FENTE;A INJECTION D'AIR LIBRE;OUI;;MARRON;5;1,63;2;;10
HARDI;S 4110;BUSES A FENTE;STANDARD;NON;110;4110-08;;0,25;;;15
HARDI;S 4110;BUSES A FENTE;STANDARD;NON;;4110-10;;0,38;0,47;;15
HARDI;S 4110;BUSES A FENTE;STANDARD;NON;;4110-12;;0,6;0,73;;10
HARDI;S 4110;BUSES A FENTE;STANDARD;NON;;4110-14;;0,74;0,91;;10
HARDI;S 4110;BUSES A FENTE;STANDARD;NON;;4110-16;;0,91;1,11;;10
HARDI;S 4110;BUSES A FENTE;STANDARD;NON;;4110-18;;1,08;1,32;;10
HARDI;S 4110;BUSES A FENTE;STANDARD;NON;;4110-20;;1,3;1,59;;10
HARDI;S 4110;BUSES A FENTE;STANDARD;NON;;4110-24;;1,7;2,08;;10
HARDI;S 4110;BUSES A FENTE;STANDARD;NON;;4110-30;;2,4;;;10
HARDI;S 4110;BUSES A FENTE;STANDARD;NON;;4110-36;;3,3;;;10
HARDI;LD 4110;BUSES A FENTE;A PASTILLE / CHAMBRE;NON;;4110-08;;0,25;;;15
HARDI;LD 4110;BUSES A FENTE;A PASTILLE / CHAMBRE;NON;;4110-10;;0,38;0,47;;15
HARDI;LD 4110;BUSES A FENTE;A PASTILLE / CHAMBRE;NON;;4110-12;;0,6;0,73;;10
HARDI;LD 4110;BUSES A FENTE;A PASTILLE / CHAMBRE;NON;;4110-14;;0,74;0,91;;10
HARDI;LD 4110;BUSES A FENTE;A PASTILLE / CHAMBRE;NON;;4110-16;;0,91;1,11;;10
HARDI;LD 4110;BUSES A FENTE;A PASTILLE / CHAMBRE;NON;;4110-18;;1,08;1,32;;10
HARDI;LD 4110;BUSES A FENTE;A PASTILLE / CHAMBRE;NON;;4110-20;;1,3;1,59;;10
HARDI;LD 4110;BUSES A FENTE;A PASTILLE / CHAMBRE;NON;;4110-24;;1,7;2,08;;10
HARDI;LD 4110;BUSES A FENTE;A PASTILLE / CHAMBRE;NON;;4110-30;;2,4;;;10
HARDI;LD 4110;BUSES A FENTE;A PASTILLE / CHAMBRE;NON;;4110-36;;3,3;;;10
HARDI;1299;BUSES A TURBULENCE;STANDARD;NON;;BLANC;;;0,21;0,27;15
HARDI;1299;BUSES A TURBULENCE;STANDARD;NON;;LILAS;;;0,29;0,37;15
HARDI;1299;BUSES A TURBULENCE;STANDARD;NON;;MARRON;;;0,37;0,48;15
HARDI;1299;BUSES A TURBULENCE;STANDARD;NON;;JAUNE;;;0,57;0,74;10
HARDI;1299;BUSES A TURBULENCE;STANDARD;NON;;ORANGE;;;0,76;0,98;10
HARDI;1299;BUSES A TURBULENCE;STANDARD;NON;;ROUGE;;;1,08;1,39;10
HARDI;1299;BUSES A TURBULENCE;STANDARD;NON;;GRIS;;;1,16;1,5;10
HARDI;1299;BUSES A TURBULENCE;STANDARD;NON;;VERT;;;1,37;1,77;10
HARDI;1299;BUSES A TURBULENCE;STANDARD;NON;;NOIR;;;1,55;2;10
HARDI;1299;BUSES A TURBULENCE;STANDARD;NON;;BLEU;;;1,9;2,45;10
HARDI;1553 DIFFUSEUR BLEU ;BUSES A TURBULENCE;STANDARD;NON;;BLEU-8;;;0,24;0,32;15
HARDI;1553 DIFFUSEUR BLEU ;BUSES A TURBULENCE;STANDARD;NON;;BLEU-10;;;0,31;0,4;15
HARDI;1553 DIFFUSEUR BLEU ;BUSES A TURBULENCE;STANDARD;NON;;BLEU-12;;;0,38;0,49;10
HARDI;1553 DIFFUSEUR BLEU ;BUSES A TURBULENCE;STANDARD;NON;;BLEU-14;;;0,44;0,57;10
HARDI;1553 DIFFUSEUR BLEU ;BUSES A TURBULENCE;STANDARD;NON;;BLEU-16;;;0,54;0,7;10
HARDI;1553 DIFFUSEUR BLEU ;BUSES A TURBULENCE;STANDARD;NON;;BLEU-18;;;0,6;0,77;10
HARDI;1553 DIFFUSEUR BLEU ;BUSES A TURBULENCE;STANDARD;NON;;BLEU-20;;;0,66;0,85;10
HARDI;1553 DIFFUSEUR BLEU ;BUSES A TURBULENCE;STANDARD;NON;;BLEU-22;;;0,7;0,9;10
HARDI;1553 DIFFUSEUR BLEU ;BUSES A TURBULENCE;STANDARD;NON;;BLEU-24;;;0,75;0,96;10
HARDI;1553 DIFFUSEUR BLEU ;BUSES A TURBULENCE;STANDARD;NON;;BLEU-30;;;0,88;1,14;10
HARDI;1553 DIFFUSEUR BLEU ;BUSES A TURBULENCE;STANDARD;NON;;BLEU-35;;;0,98;1,26;10
HARDI;1553 DIFFUSEUR BLEU ;BUSES A TURBULENCE;STANDARD;NON;;BLEU-40;;;1,04;1,34;10
HARDI;1553 DIFFUSEUR GRIS;BUSES A TURBULENCE;STANDARD;NON;;GRIS-8;;;0,49;0,63;10
HARDI;1553 DIFFUSEUR GRIS;BUSES A TURBULENCE;STANDARD;NON;;GRIS-10;;;0,64;0,82;10
HARDI;1553 DIFFUSEUR GRIS;BUSES A TURBULENCE;STANDARD;NON;;GRIS-12;;;0,82;1,06;10
HARDI;1553 DIFFUSEUR GRIS;BUSES A TURBULENCE;STANDARD;NON;;GRIS-14;;;1,04;1,34;10
HARDI;1553 DIFFUSEUR GRIS;BUSES A TURBULENCE;STANDARD;NON;;GRIS-16;;;1,27;1,64;10
HARDI;1553 DIFFUSEUR GRIS;BUSES A TURBULENCE;STANDARD;NON;;GRIS-18;;;1,43;1,85;10
HARDI;1553 DIFFUSEUR GRIS;BUSES A TURBULENCE;STANDARD;NON;;GRIS-20;;;1,64;2,12;10
HARDI;1553 DIFFUSEUR GRIS;BUSES A TURBULENCE;STANDARD;NON;;GRIS-22;;;1,75;2,26;10
HARDI;1553 DIFFUSEUR GRIS;BUSES A TURBULENCE;STANDARD;NON;;GRIS-24;;;1,96;2,53;10
HARDI;1553 DIFFUSEUR GRIS;BUSES A TURBULENCE;STANDARD;NON;;GRIS-30;;;2,3;2,97;10
HARDI;1553 DIFFUSEUR GRIS;BUSES A TURBULENCE;STANDARD;NON;;GRIS-35;;;2,63;3,4;10
HARDI;1553 DIFFUSEUR GRIS;BUSES A TURBULENCE;STANDARD;NON;;GRIS-40;;;2,88;3,72;10
HARDI;1553 DIFFUSEUR NOIR;BUSES A TURBULENCE;STANDARD;NON;;NOIR-8;;;0,5;0,65;10
HARDI;1553 DIFFUSEUR NOIR;BUSES A TURBULENCE;STANDARD;NON;;NOIR-10;;;0,67;0,87;10
HARDI;1553 DIFFUSEUR NOIR;BUSES A TURBULENCE;STANDARD;NON;;NOIR-12;;;0,88;1,14;10
HARDI;1553 DIFFUSEUR NOIR;BUSES A TURBULENCE;STANDARD;NON;;NOIR-14;;;1,13;1,45;10
HARDI;1553 DIFFUSEUR NOIR;BUSES A TURBULENCE;STANDARD;NON;;NOIR-16;;;1,41;1,82;10
HARDI;1553 DIFFUSEUR NOIR;BUSES A TURBULENCE;STANDARD;NON;;NOIR-18;;;1,57;2,02;10
HARDI;1553 DIFFUSEUR NOIR;BUSES A TURBULENCE;STANDARD;NON;;NOIR-20;;;1,89;2,43;10
HARDI;1553 DIFFUSEUR NOIR;BUSES A TURBULENCE;STANDARD;NON;;NOIR-22;;;2,06;2,66;10
HARDI;1553 DIFFUSEUR NOIR;BUSES A TURBULENCE;STANDARD;NON;;NOIR-24;;;2,33;3;10
HARDI;1553 DIFFUSEUR NOIR;BUSES A TURBULENCE;STANDARD;NON;;NOIR-30;;;2,77;3,57;10
HARDI;1553 DIFFUSEUR NOIR;BUSES A TURBULENCE;STANDARD;NON;;NOIR-35;;;3,25;4,19;10
HARDI;1553 DIFFUSEUR NOIR;BUSES A TURBULENCE;STANDARD;NON;;NOIR-40;;;3,8;4,9;10
HARDI;1553 DIFFUSEUR BLANC;BUSES A TURBULENCE;STANDARD;NON;;BLANC-8;;;0,5;0,65;10
HARDI;1553 DIFFUSEUR BLANC;BUSES A TURBULENCE;STANDARD;NON;;BLANC-10;;;0,73;0,95;10
HARDI;1553 DIFFUSEUR BLANC;BUSES A TURBULENCE;STANDARD;NON;;BLANC-12;;;1,09;1,41;10
HARDI;1553 DIFFUSEUR BLANC;BUSES A TURBULENCE;STANDARD;NON;;BLANC-14;;;1,52;1,96;10
HARDI;1553 DIFFUSEUR BLANC;BUSES A TURBULENCE;STANDARD;NON;;BLANC-16;;;1,91;2,47;10
HARDI;1553 DIFFUSEUR BLANC;BUSES A TURBULENCE;STANDARD;NON;;BLANC-18;;;2,65;3,42;10
HARDI;1553 DIFFUSEUR BLANC;BUSES A TURBULENCE;STANDARD;NON;;BLANC-20;;;2,85;3,68;10
HARDI;1553 DIFFUSEUR BLANC;BUSES A TURBULENCE;STANDARD;NON;;BLANC-22;;;3,16;4,08;10
HARDI;1553 DIFFUSEUR BLANC;BUSES A TURBULENCE;STANDARD;NON;;BLANC-24;;;3,55;4,59;10
HARDI;1553 DIFFUSEUR BLANC;BUSES A TURBULENCE;STANDARD;NON;;BLANC-30;;;4,23;5,45;10
HYPRO - LURMARK;DRIFTBETA (DB);BUSES A FENTE;A INJECTION D'AIR LIBRE;OUI;120;VERT;15;0,49;0,6;;15
HYPRO - LURMARK;DRIFTBETA (DB);BUSES A FENTE;A INJECTION D'AIR LIBRE;OUI;;JAUNE;2;0,653;0,8;;15
HYPRO - LURMARK;DRIFTBETA (DB);BUSES A FENTE;A INJECTION D'AIR LIBRE;OUI;;LILAS;25;0,816;1;;10
HYPRO - LURMARK;DRIFTBETA (DB);BUSES A FENTE;A INJECTION D'AIR LIBRE;OUI;;BLEU;3;0,98;1,2;;10
HYPRO - LURMARK;DRIFTBETA (DB);BUSES A FENTE;A INJECTION D'AIR LIBRE;OUI;;ROUGE;4;1,306;1,6;;10
HYPRO - LURMARK;DRIFTBETA (DB);BUSES A FENTE;A INJECTION D'AIR LIBRE;OUI;;MARRON;5;1,633;2;;10
HYPRO - LURMARK;DRIFTBETA (DB);BUSES A FENTE;A INJECTION D'AIR LIBRE;OUI;;GRIS;6;1,96;2,4;;10
HYPRO - LURMARK;LODRIFT (LD);BUSES A FENTE;A PASTILLE / CHAMBRE;OUI;110;VERT;15;0,49;0,6;;15
HYPRO - LURMARK;LODRIFT (LD);BUSES A FENTE;A PASTILLE / CHAMBRE;OUI;;JAUNE;2;0,653;0,8;;15
HYPRO - LURMARK;LODRIFT (LD);BUSES A FENTE;A PASTILLE / CHAMBRE;OUI;;LILAS;25;0,816;1;;10
HYPRO - LURMARK;LODRIFT (LD);BUSES A FENTE;A PASTILLE / CHAMBRE;OUI;;BLEU;3;0,98;1,2;;10
HYPRO - LURMARK;LODRIFT (LD);BUSES A FENTE;A PASTILLE / CHAMBRE;OUI;;ROUGE;4;1,306;1,6;;10
HYPRO - LURMARK;LODRIFT (LD);BUSES A FENTE;A PASTILLE / CHAMBRE;OUI;;MARRON;5;1,633;2;;10
HYPRO - LURMARK;LODRIFT (LD);BUSES A FENTE;A PASTILLE / CHAMBRE;OUI;;GRIS;6;1,96;2,4;;10
HYPRO - LURMARK;LODRIFT (LD);BUSES A FENTE;A PASTILLE / CHAMBRE;OUI;;BLANC;8;2,613;3,2;;10
HYPRO - LURMARK;FLAT PAN (VP);BUSES A FENTE;STANDARD;OUI;80 - 110;VERT;15;0,49;0,6;;15
HYPRO - LURMARK;FLAT PAN (VP);BUSES A FENTE;STANDARD;OUI;;JAUNE;2;0,653;0,8;;15
HYPRO - LURMARK;FLAT PAN (VP);BUSES A FENTE;STANDARD;OUI;;LILAS;25;0,816;1;;10
HYPRO - LURMARK;FLAT PAN (VP);BUSES A FENTE;STANDARD;OUI;;BLEU;3;0,98;1,2;;10
HYPRO - LURMARK;FLAT PAN (VP);BUSES A FENTE;STANDARD;OUI;;ROUGE;4;1,306;1,6;;10
HYPRO - LURMARK;FLAT PAN (VP);BUSES A FENTE;STANDARD;OUI;;MARRON;5;1,633;2;;10
HYPRO - LURMARK;FLAT PAN (VP);BUSES A FENTE;STANDARD;OUI;;GRIS;6;1,96;2,4;;10
HYPRO - LURMARK;FLAT PAN (VP);BUSES A FENTE;STANDARD;OUI;;BLANC;8;2,613;3,2;;10
HYPRO - LURMARK;FLAT PAN (VP);BUSES A FENTE;STANDARD;OUI;;BLEU CLAIR;10;3,266;4;;10
HYPRO - LURMARK;FLAT PAN (VP);BUSES A FENTE;STANDARD;OUI;;VERT CLAIR;15;4,899;6;;10
HYPRO - LURMARK;FLAT PAN (VP);BUSES A FENTE;STANDARD;OUI;;NOIR;20;6,532;8;;10
HYPRO - LURMARK;GUARDAIN AIR (GA);BUSES A FENTE;A INJECTION D'AIR LIBRE;OUI;110;VERT;15;;0,6;;15
HYPRO - LURMARK;GUARDAIN AIR (GA);BUSES A FENTE;A INJECTION D'AIR LIBRE;OUI;;JAUNE;2;;0,8;;15
HYPRO - LURMARK;GUARDAIN AIR (GA);BUSES A FENTE;A INJECTION D'AIR LIBRE;OUI;;LILAS;25;;1;;10
HYPRO - LURMARK;GUARDAIN AIR (GA);BUSES A FENTE;A INJECTION D'AIR LIBRE;OUI;;BLEU;3;;1,2;;10
HYPRO - LURMARK;GUARDAIN AIR (GA);BUSES A FENTE;A INJECTION D'AIR LIBRE;OUI;;ROUGE BRUN;35;;1,4;;10
HYPRO - LURMARK;GUARDAIN AIR (GA);BUSES A FENTE;A INJECTION D'AIR LIBRE;OUI;;ROUGE;4;;1,6;;10
HYPRO - LURMARK;GUARDAIN AIR (GA);BUSES A FENTE;A INJECTION D'AIR LIBRE;OUI;;MARRON;5;;2;;10
HYPRO - LURMARK;STANDARD (F);BUSES A FENTE;STANDARD;OUI;80-110;ORANGE;1;0,327;0,39;;15
HYPRO - LURMARK;STANDARD (F);BUSES A FENTE;STANDARD;OUI;;VERT;15;0,49;0,59;;15
HYPRO - LURMARK;STANDARD (F);BUSES A FENTE;STANDARD;OUI;;JAUNE;2;0,653;0,79;;15
HYPRO - LURMARK;STANDARD (F);BUSES A FENTE;STANDARD;OUI;;BLEU;3;0,98;1,18;;10
HYPRO - LURMARK;STANDARD (F);BUSES A FENTE;STANDARD;OUI;;ROUGE;4;1,306;1,58;;10
HYPRO - LURMARK;STANDARD (F);BUSES A FENTE;STANDARD;OUI;;MARRON;5;1,633;1,97;;10
HYPRO - LURMARK;STANDARD (F);BUSES A FENTE;STANDARD;OUI;;GRIS;6;1,96;2,37;;10
HYPRO - LURMARK;STANDARD (F);BUSES A FENTE;STANDARD;OUI;;BLANC;8;2,613;3,16;;10
HYPRO - LURMARK;UNIFORM E;BUSES A FENTE;STANDARD;OUI;80;ORANGE;1;0,327;0,39;;15
HYPRO - LURMARK;UNIFORM E;BUSES A FENTE;STANDARD;OUI;;VERT;15;0,49;0,59;;15
HYPRO - LURMARK;UNIFORM E;BUSES A FENTE;STANDARD;OUI;;JAUNE;2;0,653;0,79;;15
HYPRO - LURMARK;UNIFORM E;BUSES A FENTE;STANDARD;OUI;;BLEU;3;0,98;1,18;;10
HYPRO - LURMARK;UNIFORM E;BUSES A FENTE;STANDARD;OUI;;ROUGE;4;1,306;1,58;;10
HYPRO - LURMARK;UNIFORM E;BUSES A FENTE;STANDARD;OUI;;MARRON;5;1,633;1,97;;10
HYPRO - LURMARK;UNIFORM E;BUSES A FENTE;STANDARD;OUI;;GRIS;6;1,96;2,37;;10
HYPRO - LURMARK;UNIFORM E;BUSES A FENTE;STANDARD;OUI;;BLANC;8;2,613;3,16;;10
HYPRO - LURMARK;DEFLECTIO (DT);BUSES A MIROIR;STANDARD;OUI;80-125;ORANGE;1;0,327;0,39;;15
HYPRO - LURMARK;DEFLECTIO (DT);BUSES A MIROIR;STANDARD;OUI;;VERT;15;0,49;0,59;;15
HYPRO - LURMARK;DEFLECTIO (DT);BUSES A MIROIR;STANDARD;OUI;;JAUNE;2;0,653;0,79;;15
HYPRO - LURMARK;DEFLECTIO (DT);BUSES A MIROIR;STANDARD;OUI;;BLEU;3;0,98;1,18;;10
HYPRO - LURMARK;DEFLECTIO (DT);BUSES A MIROIR;STANDARD;OUI;;ROUGE;4;1,306;1,58;;10
HYPRO - LURMARK;DEFLECTIO (DT);BUSES A MIROIR;STANDARD;OUI;;MARRON;5;1,633;1,97;;10
HYPRO - LURMARK;DEFLECTIO (DT);BUSES A MIROIR;STANDARD;OUI;;GRIS;6;1,96;2,37;;10
HYPRO - LURMARK;DEFLECTIO (DT);BUSES A MIROIR;STANDARD;OUI;;BLANC;8;2,613;3,16;;10
HYPRO - LURMARK;DEFLECTIO (DT);BUSES A MIROIR;STANDARD;OUI;;BLEU CIEL;10;3,22;3,95;;10
HYPRO - LURMARK;POLIJET (AN);BUSES A MIROIR;STANDARD;NON;55-130;JAUNE;;0,85;;;15
HYPRO - LURMARK;POLIJET (AN);BUSES A MIROIR;STANDARD;NON;;VERT;;1,7;;;10
HYPRO - LURMARK;POLIJET (AN);BUSES A MIROIR;STANDARD;NON;;BLEU;;2,55;;;10
HYPRO - LURMARK;POLIJET (AN);BUSES A MIROIR;STANDARD;NON;;ROUGE;;3,39;;;10
HYPRO - LURMARK;GUARDAIN AIR TWIN (GAT);BUSES A DOUBLE FENTE;A INJECTION D'AIR LIBRE;OUI;110;VERT;15;;0,6;;15
HYPRO - LURMARK;GUARDAIN AIR TWIN (GAT);BUSES A DOUBLE FENTE;A INJECTION D'AIR LIBRE;OUI;;JAUNE;2;;0,8;;15
HYPRO - LURMARK;GUARDAIN AIR TWIN (GAT);BUSES A DOUBLE FENTE;A INJECTION D'AIR LIBRE;OUI;;LILAS;25;;1;;10
HYPRO - LURMARK;GUARDAIN AIR TWIN (GAT);BUSES A DOUBLE FENTE;A INJECTION D'AIR LIBRE;OUI;;BLEU;3;;1,2;;10
HYPRO - LURMARK;GUARDAIN AIR TWIN (GAT);BUSES A DOUBLE FENTE;A INJECTION D'AIR LIBRE;OUI;;ROUGE BRUN;35;;1,4;;10
HYPRO - LURMARK;GUARDAIN AIR TWIN (GAT);BUSES A DOUBLE FENTE;A INJECTION D'AIR LIBRE;OUI;;ROUGE;4;;1,6;;10
HYPRO - LURMARK;GUARDAIN AIR TWIN (GAT);BUSES A DOUBLE FENTE;A INJECTION D'AIR LIBRE;OUI;;MARRON;5;;2;;10
HYPRO - LURMARK;XT;BUSES A MIROIR;STANDARD;NON;;VERT;;3,2;3,9;;
HYPRO - LURMARK;XT;BUSES A MIROIR;STANDARD;NON;;VERT OLIVE;;4,6;5,7;;
HYPRO - LURMARK;XT;BUSES A MIROIR;STANDARD;NON;;BLEU;;6,4;7,9;;
HYPRO - LURMARK;XT;BUSES A MIROIR;STANDARD;NON;;JAUNE;;7,7;9;;
HYPRO - LURMARK;XT;BUSES A MIROIR;STANDARD;NON;;ORANGE;;13,9;17;;
HYPRO - LURMARK;XT;BUSES A MIROIR;STANDARD;NON;;ROUGE;;25,8;31,6;;
HYPRO - LURMARK;XT;BUSES A MIROIR;STANDARD;NON;;BLANC ;;53,8;65,9;;
HYPRO - LURMARK;XT;BUSES A MIROIR;STANDARD;NON;;GRIS;;69,3;84,9;;
NICOLAS - THOMAS;PASTILLES;BUSES A PASTILLES;STANDARD;NON;;;;;;;
NICOLAS - THOMAS;PASTILLES VR + HELICES 2 TROUS;BUSES A TURBULENCE;STANDARD;NON;;VR4;;;;;15
NICOLAS - THOMAS;PASTILLES VR + HELICES 2 TROUS;BUSES A TURBULENCE;STANDARD;NON;;VR5;;;;;15
NICOLAS - THOMAS;PASTILLES VN + HELICES 2 TROUS OU 3 TROUS;BUSES A TURBULENCE;STANDARD;NON;;VN2,5;;;;;15
NICOLAS - THOMAS;PASTILLES VN + HELICES 2 TROUS OU 3 TROUS;BUSES A TURBULENCE;STANDARD;NON;;VN3;;;;;15
NICOLAS - THOMAS;PASTILLES VN + HELICES 2 TROUS OU 3 TROUS;BUSES A TURBULENCE;STANDARD;NON;;VN4;;;;;15
NICOLAS - THOMAS;PASTILLES VN + HELICES 2 TROUS OU 3 TROUS;BUSES A TURBULENCE;STANDARD;NON;;VN5;;;;;15
NICOLAS - THOMAS;VN;BUSES A PASTILLES;STANDARD;NON;;;;;;;
NICOLAS - THOMAS;VR;BUSES A PASTILLES;STANDARD;NON;;;;;;;
NOZAL;AFX;BUSES A FENTE;STANDARD;OUI;80;VERT;15;0,48;0,59;;15
NOZAL;AFX;BUSES A FENTE;STANDARD;OUI;80;JAUNE;2;0,65;0,79;;15
NOZAL;AFX;BUSES A FENTE;STANDARD;OUI;110;LILAS;25;0,82;1;;10
NOZAL;AFX;BUSES A FENTE;STANDARD;OUI;110;BLEU;3;0,97;1,18;;10
NOZAL;AFX;BUSES A FENTE;STANDARD;OUI;110;ROUGE;4;1,29;1,58;;10
NOZAL;AFX;BUSES A FENTE;STANDARD;OUI;110;MARRON;5;1,61;1,97;;10
NOZAL;AFX;BUSES A FENTE;STANDARD;OUI;110;GRIS;6;1,93;2,37;;10
NOZAL;AFX;BUSES A FENTE;STANDARD;OUI;110;BLANC;8;2,58;3,16;;10
NOZAL;RFX;BUSES A FENTE;STANDARD;OUI;110;VERT;15;0,48;0,59;;15
NOZAL;RFX;BUSES A FENTE;STANDARD;OUI;;JAUNE;2;0,65;0,79;;15
NOZAL;RFX;BUSES A FENTE;STANDARD;OUI;;LILAS;25;0,82;1;;10
NOZAL;RFX;BUSES A FENTE;STANDARD;OUI;;BLEU;3;0,97;1,18;;10
NOZAL;RFX;BUSES A FENTE;STANDARD;OUI;;ROUGE;4;1,29;1,58;;10
NOZAL;RFX;BUSES A FENTE;STANDARD;OUI;;MARRON;5;1,61;1,97;;10
NOZAL;RFX;BUSES A FENTE;STANDARD;OUI;;GRIS;6;1,93;2,37;;10
NOZAL;RFX;BUSES A FENTE;STANDARD;OUI;;BLANC;8;2,58;3,16;;10
NOZAL;ALX;BUSES A FENTE;A PASTILLE / CHAMBRE;OUI;;ORANGE;1;;;;
NOZAL;ALX;BUSES A FENTE;A PASTILLE / CHAMBRE;OUI;;VERT;15;0,48;0,59;;15
NOZAL;ALX;BUSES A FENTE;A PASTILLE / CHAMBRE;OUI;;JAUNE;2;0,65;0,79;;15
NOZAL;ALX;BUSES A FENTE;A PASTILLE / CHAMBRE;OUI;;LILAS;25;0,82;1;;10
NOZAL;ALX;BUSES A FENTE;A PASTILLE / CHAMBRE;OUI;;BLEU;3;0,97;1,18;;10
NOZAL;ALX;BUSES A FENTE;A PASTILLE / CHAMBRE;OUI;;ROUGE;4;1,29;1,58;;10
NOZAL;ALX;BUSES A FENTE;A PASTILLE / CHAMBRE;OUI;;MARRON;5;1,61;1,97;;10
NOZAL;ALX;BUSES A FENTE;A PASTILLE / CHAMBRE;OUI;;GRIS;6;1,93;2,37;;10
NOZAL;ALX;BUSES A FENTE;A PASTILLE / CHAMBRE;OUI;;BLANC;8;2,58;3,16;;10
NOZAL;RLX;BUSES A FENTE;A PASTILLE / CHAMBRE;OUI;;ORANGE;1;;;;
NOZAL;RLX;BUSES A FENTE;A PASTILLE / CHAMBRE;OUI;;VERT;15;0,48;0,59;;15
NOZAL;RLX;BUSES A FENTE;A PASTILLE / CHAMBRE;OUI;;JAUNE;2;0,65;0,79;;15
NOZAL;RLX;BUSES A FENTE;A PASTILLE / CHAMBRE;OUI;;LILAS;25;0,82;1;;10
NOZAL;RLX;BUSES A FENTE;A PASTILLE / CHAMBRE;OUI;;BLEU;3;0,97;1,18;;10
NOZAL;RLX;BUSES A FENTE;A PASTILLE / CHAMBRE;OUI;;ROUGE;4;1,29;1,58;;10
NOZAL;RLX;BUSES A FENTE;A PASTILLE / CHAMBRE;OUI;;MARRON;5;1,61;1,97;;10
NOZAL;RLX;BUSES A FENTE;A PASTILLE / CHAMBRE;OUI;;GRIS;6;1,93;2,37;;10
NOZAL;RLX;BUSES A FENTE;A PASTILLE / CHAMBRE;OUI;;BLANC;8;2,58;3,16;;10
NOZAL;ADX;BUSES A FENTE;A INJECTION D'AIR LIBRE;OUI;120;VERT;15;0,48;0,59;;15
NOZAL;ADX;BUSES A FENTE;A INJECTION D'AIR LIBRE;OUI;;JAUNE;2;0,65;0,79;;15
NOZAL;ADX;BUSES A FENTE;A INJECTION D'AIR LIBRE;OUI;;LILAS;25;0,82;1;;10
NOZAL;ADX;BUSES A FENTE;A INJECTION D'AIR LIBRE;OUI;;BLEU;3;0,97;1,18;;10
NOZAL;ADX;BUSES A FENTE;A INJECTION D'AIR LIBRE;OUI;;ROUGE;4;1,29;1,58;;10
NOZAL;ADX;BUSES A FENTE;A INJECTION D'AIR LIBRE;OUI;;MARRON;5;1,61;1,97;;10
NOZAL;RDX;BUSES A FENTE;A INJECTION D'AIR LIBRE;OUI;110;VERT;15;0,48;0,59;;15
NOZAL;RDX;BUSES A FENTE;A INJECTION D'AIR LIBRE;OUI;;JAUNE;2;0,65;0,79;;15
NOZAL;RDX;BUSES A FENTE;A INJECTION D'AIR LIBRE;OUI;;LILAS;25;0,82;1;;10
NOZAL;RDX;BUSES A FENTE;A INJECTION D'AIR LIBRE;OUI;;BLEU;3;0,97;1,18;;10
NOZAL;RDX;BUSES A FENTE;A INJECTION D'AIR LIBRE;OUI;;ROUGE;4;1,29;1,58;;10
NOZAL;RDX;BUSES A FENTE;A INJECTION D'AIR LIBRE;OUI;;MARRON;5;1,61;1,97;;10
NOZAL;ARX;BUSES A FENTE;A INJECTION D'AIR LIBRE;OUI;100;VERT;15;0,48;0,59;;15
NOZAL;ARX;BUSES A FENTE;A INJECTION D'AIR LIBRE;OUI;;JAUNE;2;0,65;0,79;;15
NOZAL;ARX;BUSES A FENTE;A INJECTION D'AIR LIBRE;OUI;;LILAS;25;0,82;1;;10
NOZAL;ARX;BUSES A FENTE;A INJECTION D'AIR LIBRE;OUI;;BLEU;3;0,97;1,18;;10
NOZAL;ABX;BUSES A FENTE;STANDARD;OUI;80;VERT;15;0,48;0,59;;15
NOZAL;ABX;BUSES A FENTE;STANDARD;OUI;;JAUNE;2;0,65;0,79;;15
NOZAL;ABX;BUSES A FENTE;STANDARD;OUI;;LILAS;25;0,82;1;;10
NOZAL;RRX;BUSES A FENTE;A INJECTION D'AIR LIBRE;OUI;110;VERT;15;0,48;0,59;;15
NOZAL;RRX;BUSES A FENTE;A INJECTION D'AIR LIBRE;OUI;;JAUNE;2;0,65;0,79;;15
NOZAL;RRX;BUSES A FENTE;A INJECTION D'AIR LIBRE;OUI;;BLEU;3;0,97;1,18;;10
NOZAL;ATX;BUSES A DOUBLE FENTE;A INJECTION D'AIR LIBRE;OUI;120;BLEU;3;0,97;1,18;;10
NOZAL;ATX;BUSES A DOUBLE FENTE;A INJECTION D'AIR LIBRE;OUI;;ROUGE;4;1,29;1,58;;10
NOZAL;ATX;BUSES A DOUBLE FENTE;A INJECTION D'AIR LIBRE;OUI;;MARRON;5;1,61;1,97;;10
REX;PASTILLE;BUSES A PASTILLES;STANDARD;NON;;;;;;;
TECNOMA;BUSE PINCEAU ALUMINE (A);BUSES A FENTE;STANDARD;NON;80-110;ROUGE;;0,43;0,54;;15
TECNOMA;BUSE PINCEAU ALUMINE (A);BUSES A FENTE;STANDARD;NON;;JAUNE;;0,9;1,15;;10
TECNOMA;BUSE PINCEAU ALUMINE (A);BUSES A FENTE;STANDARD;NON;;ORANGE;;1,43;1,75;;10
TECNOMA;BUSE PINCEAU ALUMINE (A);BUSES A FENTE;STANDARD;NON;;VERT;;2,2;2,7;;10
TECNOMA;BUSE PINCEAU ALUMINE (A);BUSES A FENTE;STANDARD;NON;;BLEU;;2,82;3,44;;10
TECNOMA;BUSE PINCEAU ALUMINE (A);BUSES A FENTE;STANDARD;NON;;NOIR;;3,88;4,76;;10
TECNOMA;BUSE PINCEAU PLASTIQUE (P);BUSES A FENTE;STANDARD;NON;110;ROUGE;;0,43;0,54;;15
TECNOMA;BUSE PINCEAU PLASTIQUE (P);BUSES A FENTE;STANDARD;NON;;JAUNE;;0,9;1,15;;10
TECNOMA;BUSE PINCEAU PLASTIQUE (P);BUSES A FENTE;STANDARD;NON;;ORANGE;;1,43;1,75;;10
TECNOMA;BUSE PINCEAU PLASTIQUE (P);BUSES A FENTE;STANDARD;NON;;VERT;;2,2;2,7;;10
TECNOMA;BUSE PINCEAU PLASTIQUE (P);BUSES A FENTE;STANDARD;NON;;BLEU;;2,82;3,44;;10
TECNOMA;BUSE PINCEAU PLASTIQUE (P);BUSES A FENTE;STANDARD;NON;;NOIR;;3,88;4,76;;10
TECNOMA;BUSE MIROIR (M);BUSES A MIROIR;STANDARD;NON;120-150;JAUNE;;0,76;0,95;;15
TECNOMA;BUSE MIROIR (M);BUSES A MIROIR;STANDARD;NON;;ORANGE;;1,42;1,75;;10
TECNOMA;BUSE MIROIR (M);BUSES A MIROIR;STANDARD;NON;;VERT;;2,1;2,55;;10
TECNOMA;TURBULENCE INOX;BUSES A TURBULENCE;STANDARD;NON;80;10/10 H2;;0,42;;;10
TECNOMA;TURBULENCE INOX;BUSES A TURBULENCE;STANDARD;NON;;10/10 H4;;0,47;;;10
TECNOMA;TURBULENCE INOX;BUSES A TURBULENCE;STANDARD;NON;;12/10 H2;;0,41;;;10
TECNOMA;TURBULENCE INOX;BUSES A TURBULENCE;STANDARD;NON;;12/10 H4;;0,57;;;10
TECNOMA;TURBULENCE INOX;BUSES A TURBULENCE;STANDARD;NON;;15/10 H2;;0,58;;;10
TECNOMA;TURBULENCE INOX;BUSES A TURBULENCE;STANDARD;NON;;15/10 H4;;0,73;;;10
TECNOMA;TURBULENCE INOX;BUSES A TURBULENCE;STANDARD;NON;;18/10 H2;;0,65;;;10
TECNOMA;TURBULENCE INOX;BUSES A TURBULENCE;STANDARD;NON;;18/10 H4;;0,87;;;10
TECNOMA;TURBULENCE INOX;BUSES A TURBULENCE;STANDARD;NON;;23/10 H2;;0,75;;;10
TECNOMA;TURBULENCE INOX;BUSES A TURBULENCE;STANDARD;NON;;23/10 H4;;1,17;;;10
TEEJET;TURBO TEEJET (TT);BUSES A MIROIR;STANDARD;OUI;110;ORANGE;1;0,32;0,39;;15
TEEJET;TURBO TEEJET (TT);BUSES A MIROIR;STANDARD;OUI;;VERT;15;0,48;0,59;;15
TEEJET;TURBO TEEJET (TT);BUSES A MIROIR;STANDARD;OUI;;JAUNE;2;0,65;0,79;;15
TEEJET;TURBO TEEJET (TT);BUSES A MIROIR;STANDARD;OUI;;LILAS;25;0,81;0,99;;10
TEEJET;TURBO TEEJET (TT);BUSES A MIROIR;STANDARD;OUI;;BLEU;3;0,96;1,18;;10
TEEJET;TURBO TEEJET (TT);BUSES A MIROIR;STANDARD;OUI;;ROUGE;4;1,29;1,58;;10
TEEJET;TURBO TEEJET (TT);BUSES A MIROIR;STANDARD;OUI;;MARRON;5;1,61;1,97;;10
TEEJET;TURBO TEEJET (TT);BUSES A MIROIR;STANDARD;OUI;;GRIS;6;1,94;2,37;;10
TEEJET;TURBO TEEJET (TT);BUSES A MIROIR;STANDARD;OUI;;BLANC;8;2,58;3,16;;10
TEEJET;TURBO TWINJET (TTJ 60);BUSES A DOUBLE MIROIR;STANDARD;OUI;110;JAUNE;2;0,65;0,79;;15
TEEJET;TURBO TWINJET (TTJ 60);BUSES A DOUBLE MIROIR;STANDARD;OUI;;LILAS;25;0,81;0,99;;10
TEEJET;TURBO TWINJET (TTJ 60);BUSES A DOUBLE MIROIR;STANDARD;OUI;;BLEU;3;0,96;1,18;;10
TEEJET;TURBO TWINJET (TTJ 60);BUSES A DOUBLE MIROIR;STANDARD;OUI;;ROUGE;4;1,29;1,58;;10
TEEJET;TURBO TWINJET (TTJ 60);BUSES A DOUBLE MIROIR;STANDARD;OUI;;MARRON;5;1,61;1,97;;10
TEEJET;TURBO TWINJET (TTJ 60);BUSES A DOUBLE MIROIR;STANDARD;OUI;;GRIS;6;1,94;2,37;;10
TEEJET;TURBO TEEJET INJECTION (TTI);BUSES A MIROIR;A INJECTION D'AIR LIBRE;OUI;110;ORANGE;1;0,32;0,39;;15
TEEJET;TURBO TEEJET INJECTION (TTI);BUSES A MIROIR;A INJECTION D'AIR LIBRE;OUI;;VERT;15;0,48;0,59;;15
TEEJET;TURBO TEEJET INJECTION (TTI);BUSES A MIROIR;A INJECTION D'AIR LIBRE;OUI;;JAUNE;2;0,65;0,79;;15
TEEJET;TURBO TEEJET INJECTION (TTI);BUSES A MIROIR;A INJECTION D'AIR LIBRE;OUI;;LILAS;25;0,81;0,99;;10
TEEJET;TURBO TEEJET INJECTION (TTI);BUSES A MIROIR;A INJECTION D'AIR LIBRE;OUI;;BLEU;3;0,96;1,18;;10
TEEJET;TURBO TEEJET INJECTION (TTI);BUSES A MIROIR;A INJECTION D'AIR LIBRE;OUI;;ROUGE;4;1,29;1,58;;10
TEEJET;TURBO TEEJET INJECTION (TTI);BUSES A MIROIR;A INJECTION D'AIR LIBRE;OUI;;MARRON;5;1,61;1,97;;10
TEEJET;TURBO TEEJET INJECTION (TTI);BUSES A MIROIR;A INJECTION D'AIR LIBRE;OUI;;GRIS;6;1,94;2,37;;10
TEEJET;TURBO TEEJET INJECTION (TTI);BUSES A MIROIR;A INJECTION D'AIR LIBRE;OUI;;BLANC;8;2,58;3,16;;10
TEEJET;TURBO TWINJET INJECTION (AI TTJ);BUSES A DOUBLE MIROIR;A INJECTION D'AIR LIBRE;OUI;110;JAUNE;2;0,65;0,79;;15
TEEJET;TURBO TWINJET INJECTION (AI TTJ);BUSES A DOUBLE MIROIR;A INJECTION D'AIR LIBRE;OUI;;LILAS;25;0,81;0,99;;10
TEEJET;TURBO TWINJET INJECTION (AI TTJ);BUSES A DOUBLE MIROIR;A INJECTION D'AIR LIBRE;OUI;;BLEU;3;0,96;1,18;;10
TEEJET;TURBO TWINJET INJECTION (AI TTJ);BUSES A DOUBLE MIROIR;A INJECTION D'AIR LIBRE;OUI;;ROUGE;4;1,29;1,58;;10
TEEJET;TURBO TWINJET INJECTION (AI TTJ);BUSES A DOUBLE MIROIR;A INJECTION D'AIR LIBRE;OUI;;MARRON;5;1,61;1,97;;10
TEEJET;TURBO TWINJET INJECTION (AI TTJ);BUSES A DOUBLE MIROIR;A INJECTION D'AIR LIBRE;OUI;;GRIS;6;1,94;2,37;;10
TEEJET;AI TTJ;BUSES A DOUBLE MIROIR;A INJECTION D'AIR LIBRE;OUI;110;JAUNE;2;0,65;0,79;;15
TEEJET;AI TTJ;BUSES A DOUBLE MIROIR;A INJECTION D'AIR LIBRE;OUI;;LILAS;25;0,81;0,99;;10
TEEJET;AI TTJ;BUSES A DOUBLE MIROIR;A INJECTION D'AIR LIBRE;OUI;;BLEU;3;0,96;1,18;;10
TEEJET;AI TTJ;BUSES A DOUBLE MIROIR;A INJECTION D'AIR LIBRE;OUI;;ROUGE;4;1,29;1,58;;10
TEEJET;AI TTJ;BUSES A DOUBLE MIROIR;A INJECTION D'AIR LIBRE;OUI;;MARRON;5;1,61;1,97;;10
TEEJET;AI TTJ;BUSES A DOUBLE MIROIR;A INJECTION D'AIR LIBRE;OUI;;GRIS;6;1,94;2,37;;10
TEEJET;XR 110;BUSES A FENTE;STANDARD;OUI;110;ORANGE;1;0,32;0,39;;15
TEEJET;XR 110;BUSES A FENTE;STANDARD;OUI;;VERT;15;0,48;0,59;;15
TEEJET;XR 110;BUSES A FENTE;STANDARD;OUI;;JAUNE;2;0,65;0,79;;15
TEEJET;XR 110;BUSES A FENTE;STANDARD;OUI;;LILAS;25;0,81;0,99;;10
TEEJET;XR 110;BUSES A FENTE;STANDARD;OUI;;BLEU;3;0,96;1,18;;10
TEEJET;XR 110;BUSES A FENTE;STANDARD;OUI;;ROUGE;4;1,29;1,58;;10
TEEJET;XR 110;BUSES A FENTE;STANDARD;OUI;;MARRON;5;1,61;1,97;;10
TEEJET;XR 110;BUSES A FENTE;STANDARD;OUI;;GRIS;6;1,94;2,37;;10
TEEJET;XR 110;BUSES A FENTE;STANDARD;OUI;;BLANC;8;2,58;3,16;;10
TEEJET;XR 110;BUSES A FENTE;STANDARD;OUI;;BLEU CIEL;10;3,23;3,95;;10
TEEJET;XR 110;BUSES A FENTE;STANDARD;OUI;;OLIVE;15;4,83;5,92;;10
TEEJET;XR 110;BUSES A FENTE;STANDARD;OUI;;NOIR;20;6,44;7,89;;10
TEEJET;XR 80;BUSES A FENTE;STANDARD;OUI;80;ORANGE;1;0,32;0,39;;15
TEEJET;XR 80;BUSES A FENTE;STANDARD;OUI;;VERT;15;0,48;0,59;;15
TEEJET;XR 80;BUSES A FENTE;STANDARD;OUI;;JAUNE;2;0,65;0,79;;15
TEEJET;XR 80;BUSES A FENTE;STANDARD;OUI;;LILAS;25;0,81;0,99;;10
TEEJET;XR 80;BUSES A FENTE;STANDARD;OUI;;BLEU;3;0,96;1,18;;10
TEEJET;XR 80;BUSES A FENTE;STANDARD;OUI;;ROUGE;4;1,29;1,58;;10
TEEJET;XR 80;BUSES A FENTE;STANDARD;OUI;;MARRON;5;1,61;1,97;;10
TEEJET;XR 80;BUSES A FENTE;STANDARD;OUI;;GRIS;6;1,94;2,37;;10
TEEJET;XR 80;BUSES A FENTE;STANDARD;OUI;;BLANC;8;2,58;3,16;;10
TEEJET;XR 80;BUSES A FENTE;STANDARD;OUI;;BLEU CIEL;10;3,23;3,95;;10
TEEJET;XR 80;BUSES A FENTE;STANDARD;OUI;;OLIVE;15;4,83;5,92;;10
TEEJET;XR 80;BUSES A FENTE;STANDARD;OUI;;NOIR;20;6,44;7,89;;10
TEEJET;AIXR;BUSES A FENTE;A INJECTION D'AIR LIBRE;OUI;110;ORANGE;1;0,32;0,39;;15
TEEJET;AIXR;BUSES A FENTE;A INJECTION D'AIR LIBRE;OUI;;VERT;15;0,48;0,59;;15
TEEJET;AIXR;BUSES A FENTE;A INJECTION D'AIR LIBRE;OUI;;JAUNE;2;0,65;0,79;;15
TEEJET;AIXR;BUSES A FENTE;A INJECTION D'AIR LIBRE;OUI;;LILAS;25;0,81;0,99;;10
TEEJET;AIXR;BUSES A FENTE;A INJECTION D'AIR LIBRE;OUI;;BLEU;3;0,96;1,18;;10
TEEJET;AIXR;BUSES A FENTE;A INJECTION D'AIR LIBRE;OUI;;ROUGE;4;1,29;1,58;;10
TEEJET;AIXR;BUSES A FENTE;A INJECTION D'AIR LIBRE;OUI;;MARRON;5;1,61;1,97;;10
TEEJET;AIXR;BUSES A FENTE;A INJECTION D'AIR LIBRE;OUI;;GRIS;6;1,94;2,37;;10
TEEJET;AIXR;BUSES A FENTE;A INJECTION D'AIR LIBRE;OUI;;BLANC;8;2,58;3,16;;10
TEEJET;AI 110;BUSES A FENTE;A INJECTION D'AIR LIBRE;OUI;110;ORANGE;1;0,32;0,39;;15
TEEJET;AI 110;BUSES A FENTE;A INJECTION D'AIR LIBRE;OUI;;VERT;15;0,48;0,59;;15
TEEJET;AI 110;BUSES A FENTE;A INJECTION D'AIR LIBRE;OUI;;JAUNE;2;0,65;0,79;;15
TEEJET;AI 110;BUSES A FENTE;A INJECTION D'AIR LIBRE;OUI;;LILAS;25;0,81;0,99;;10
TEEJET;AI 110;BUSES A FENTE;A INJECTION D'AIR LIBRE;OUI;;BLEU;3;0,96;1,18;;10
TEEJET;AI 110;BUSES A FENTE;A INJECTION D'AIR LIBRE;OUI;;ROUGE;4;1,29;1,58;;10
TEEJET;AI 110;BUSES A FENTE;A INJECTION D'AIR LIBRE;OUI;;MARRON;5;1,61;1,97;;10
TEEJET;AI 110;BUSES A FENTE;A INJECTION D'AIR LIBRE;OUI;;GRIS;6;1,94;2,37;;10
TEEJET;AI 110;BUSES A FENTE;A INJECTION D'AIR LIBRE;OUI;;BLANC;8;2,58;3,16;;10
TEEJET;AI 80;BUSES A FENTE;A INJECTION D'AIR LIBRE;OUI;80;ORANGE;1;0,32;0,39;;15
TEEJET;AI 80;BUSES A FENTE;A INJECTION D'AIR LIBRE;OUI;;VERT;15;0,48;0,59;;15
TEEJET;AI 80;BUSES A FENTE;A INJECTION D'AIR LIBRE;OUI;;JAUNE;2;0,65;0,79;;15
TEEJET;AI 80;BUSES A FENTE;A INJECTION D'AIR LIBRE;OUI;;LILAS;25;0,81;0,99;;10
TEEJET;AI 80;BUSES A FENTE;A INJECTION D'AIR LIBRE;OUI;;BLEU;3;0,96;1,18;;10
TEEJET;AI 80;BUSES A FENTE;A INJECTION D'AIR LIBRE;OUI;;ROUGE;4;1,29;1,58;;10
TEEJET;AI 80;BUSES A FENTE;A INJECTION D'AIR LIBRE;OUI;;MARRON;5;1,61;1,97;;10
TEEJET;AI 80;BUSES A FENTE;A INJECTION D'AIR LIBRE;OUI;;GRIS;6;1,94;2,37;;10
TEEJET;AI 80;BUSES A FENTE;A INJECTION D'AIR LIBRE;OUI;;BLANC;8;2,58;3,16;;10
TEEJET;AI EVENSPRAY (AI EVS);BUSES A FENTE;A INJECTION D'AIR LIBRE;OUI;;ORANGE;1;0,32;0,39;;15
TEEJET;AI EVENSPRAY (AI EVS);BUSES A FENTE;A INJECTION D'AIR LIBRE;OUI;;VERT;15;0,48;0,59;;15
TEEJET;AI EVENSPRAY (AI EVS);BUSES A FENTE;A INJECTION D'AIR LIBRE;OUI;;JAUNE;2;0,65;0,79;;15
TEEJET;AI EVENSPRAY (AI EVS);BUSES A FENTE;A INJECTION D'AIR LIBRE;OUI;;LILAS;25;0,81;0,99;;10
TEEJET;AI EVENSPRAY (AI EVS);BUSES A FENTE;A INJECTION D'AIR LIBRE;OUI;;BLEU;3;0,96;1,18;;10
TEEJET;AI EVENSPRAY (AI EVS);BUSES A FENTE;A INJECTION D'AIR LIBRE;OUI;;ROUGE;4;1,29;1,58;;10
TEEJET;AI EVENSPRAY (AI EVS);BUSES A FENTE;A INJECTION D'AIR LIBRE;OUI;;MARRON;5;1,61;1,97;;10
TEEJET;AI EVENSPRAY (AI EVS);BUSES A FENTE;A INJECTION D'AIR LIBRE;OUI;;GRIS;6;1,94;2,37;;10
TEEJET;AI EVENSPRAY (AI EVS);BUSES A FENTE;A INJECTION D'AIR LIBRE;OUI;;BLANC;8;2,58;3,16;;10
TEEJET;TWINJET (TJ 60);BUSES A DOUBLE FENTE;STANDARD;OUI;65 - 80 -110;ORANGE;1;0,32;0,39;;15
TEEJET;TWINJET (TJ 60);BUSES A DOUBLE FENTE;STANDARD;OUI;;650134;134;0,48;0,53;;15
TEEJET;TWINJET (TJ 60);BUSES A DOUBLE FENTE;STANDARD;OUI;;JAUNE;2;0,65;0,79;;15
TEEJET;TWINJET (TJ 60);BUSES A DOUBLE FENTE;STANDARD;OUI;;BLEU;3;0,96;1,18;;10
TEEJET;TWINJET (TJ 60);BUSES A DOUBLE FENTE;STANDARD;OUI;;ROUGE;4;1,29;1,58;;10
TEEJET;TWINJET (TJ 60);BUSES A DOUBLE FENTE;STANDARD;OUI;;MARRON;5;1,61;1,97;;10
TEEJET;TWINJET (TJ 60);BUSES A DOUBLE FENTE;STANDARD;OUI;;GRIS;6;1,94;2,37;;10
TEEJET;TWINJET (TJ 60);BUSES A DOUBLE FENTE;STANDARD;OUI;;BLANC;8;2,58;3,16;;10
TEEJET;TWINJET (TJ 60);BUSES A DOUBLE FENTE;STANDARD;OUI;;BLEU CIEL;10;3,23;3,95;;10
TEEJET;TWINJET EVENSPRAY (TJ 60 EVS);BUSES A DOUBLE FENTE;STANDARD;OUI;40-80;JAUNE;2;0,65;79;;15
TEEJET;TWINJET EVENSPRAY (TJ 60 EVS);BUSES A DOUBLE FENTE;STANDARD;OUI;;BLEU;3;0,96;1,18;;10
TEEJET;TWINJET EVENSPRAY (TJ 60 EVS);BUSES A DOUBLE FENTE;STANDARD;OUI;;ROUGE;4;1,29;1,58;;10
TEEJET;TWINJET EVENSPRAY (TJ 60 EVS);BUSES A DOUBLE FENTE;STANDARD;OUI;;GRIS;6;1,94;2,37;;10
TEEJET;DG TWINJET (DGTJ 60);BUSES A DOUBLE FENTE;A PASTILLE / CHAMBRE;OUI;110;VERT;15;0,48;0,59;;15
TEEJET;DG TWINJET (DGTJ 60);BUSES A DOUBLE FENTE;A PASTILLE / CHAMBRE;OUI;;JAUNE;2;0,65;0,79;;15
TEEJET;DG TWINJET (DGTJ 60);BUSES A DOUBLE FENTE;A PASTILLE / CHAMBRE;OUI;;BLEU;3;0,96;1,18;;10
TEEJET;DG TWINJET (DGTJ 60);BUSES A DOUBLE FENTE;A PASTILLE / CHAMBRE;OUI;;ROUGE;4;1,29;1,58;;10
TEEJET;DG TWINJET (DGTJ 60);BUSES A DOUBLE FENTE;A PASTILLE / CHAMBRE;OUI;;GRIS;6;1,94;2,37;;10
TEEJET;DG TWINJET (DGTJ 60);BUSES A DOUBLE FENTE;A PASTILLE / CHAMBRE;OUI;;BLANC;8;2,58;3,16;;10
TEEJET; TP TEEJET;BUSES A FENTE;STANDARD;OUI;65-80-110;50;50;0,16;0,2;;15
TEEJET; TP TEEJET;BUSES A FENTE;STANDARD;OUI;;67;67;0,21;0,26;;15
TEEJET; TP TEEJET;BUSES A FENTE;STANDARD;OUI;;ORANGE;1;0,32;0,39;;15
TEEJET; TP TEEJET;BUSES A FENTE;STANDARD;OUI;;VERT;15;0,48;0,59;;15
TEEJET; TP TEEJET;BUSES A FENTE;STANDARD;OUI;;JAUNE;2;0,65;0,79;;15
TEEJET; TP TEEJET;BUSES A FENTE;STANDARD;OUI;;BLEU;3;0,96;1,18;;10
TEEJET; TP TEEJET;BUSES A FENTE;STANDARD;OUI;;ROUGE;4;1,29;1,58;;10
TEEJET; TP TEEJET;BUSES A FENTE;STANDARD;OUI;;MARRON;5;1,61;1,97;;10
TEEJET; TP TEEJET;BUSES A FENTE;STANDARD;OUI;;GRIS;6;1,94;2,37;;10
TEEJET; TP TEEJET;BUSES A FENTE;STANDARD;OUI;;BLANC;8;2,58;3,16;;10
TEEJET; TP TEEJET;BUSES A FENTE;STANDARD;OUI;;10;10;3,23;3,95;;10
TEEJET; TP TEEJET;BUSES A FENTE;STANDARD;OUI;;15;15;4,83;5,92;;10
TEEJET; TP TEEJET;BUSES A FENTE;STANDARD;OUI;;20;20;6,44;7,89;;10
TEEJET;TEEJET EVENSPRAY (EVS);BUSES A FENTE;STANDARD;OUI;40-65-80-95-110;ORANGE;1;0,32;0,39;;15
TEEJET;TEEJET EVENSPRAY (EVS);BUSES A FENTE;STANDARD;OUI;;VERT;15;0,48;0,59;;15
TEEJET;TEEJET EVENSPRAY (EVS);BUSES A FENTE;STANDARD;OUI;;JAUNE;2;0,65;0,79;;15
TEEJET;TEEJET EVENSPRAY (EVS);BUSES A FENTE;STANDARD;OUI;;BLEU;3;0,96;1,18;;10
TEEJET;TEEJET EVENSPRAY (EVS);BUSES A FENTE;STANDARD;OUI;;ROUGE;4;1,29;1,58;;10
TEEJET;TEEJET EVENSPRAY (EVS);BUSES A FENTE;STANDARD;OUI;;MARRON;5;1,61;1,97;;10
TEEJET;TEEJET EVENSPRAY (EVS);BUSES A FENTE;STANDARD;OUI;;GRIS;6;1,94;2,37;;10
TEEJET;TEEJET EVENSPRAY (EVS);BUSES A FENTE;STANDARD;OUI;;BLANC;8;2,58;3,16;;10
TEEJET;TEEJET EVENSPRAY (EVS);BUSES A FENTE;STANDARD;OUI;;10;10;3,23;3,95;;10
TEEJET;TEEJET EVENSPRAY (EVS);BUSES A FENTE;STANDARD;OUI;;15;15;4,83;5,92;;10
TEEJET;TQ;BUSES A FENTE;STANDARD;OUI;150;ACIER 01;1;0,32;0,39;;15
TEEJET;TQ;BUSES A FENTE;STANDARD;OUI;;ACIER 015;15;0,48;0,59;;15
TEEJET;TQ;BUSES A FENTE;STANDARD;OUI;;ACIER 02;2;0,65;0,79;;15
TEEJET;TQ;BUSES A FENTE;STANDARD;OUI;;ACIER 03;3;0,96;1,18;;10
TEEJET;TQ;BUSES A FENTE;STANDARD;OUI;;ACIER 04;4;1,29;1,58;;10
TEEJET;TQ;BUSES A FENTE;STANDARD;OUI;;ACIER 05;5;1,61;1,97;;10
TEEJET;TQ;BUSES A FENTE;STANDARD;OUI;;ACIER 06;6;1,94;2,37;;10
TEEJET;TQ;BUSES A FENTE;STANDARD;OUI;;ACIER 08;8;2,58;3,16;;10
TEEJET;TQ;BUSES A FENTE;STANDARD;OUI;;ACIER 09;9;2,9;3,55;;10
TEEJET;DG 80;BUSES A FENTE;A PASTILLE / CHAMBRE;OUI;80;VERT;15;0,48;0,59;;15
TEEJET;DG 80;BUSES A FENTE;A PASTILLE / CHAMBRE;OUI;;JAUNE;2;0,65;0,79;;15
TEEJET;DG 80;BUSES A FENTE;A PASTILLE / CHAMBRE;OUI;;BLEU;3;0,96;1,18;;10
TEEJET;DG 80;BUSES A FENTE;A PASTILLE / CHAMBRE;OUI;;ROUGE;4;1,29;1,58;;10
TEEJET;DG 80;BUSES A FENTE;A PASTILLE / CHAMBRE;OUI;;MARRON;5;1,61;1,97;;10
TEEJET;DG 110;BUSES A FENTE;A PASTILLE / CHAMBRE;OUI;110;VERT;15;0,48;0,59;;15
TEEJET;DG 110;BUSES A FENTE;A PASTILLE / CHAMBRE;OUI;;JAUNE;2;0,65;0,79;;15
TEEJET;DG 110;BUSES A FENTE;A PASTILLE / CHAMBRE;OUI;;BLEU;3;0,96;1,18;;10
TEEJET;DG 110;BUSES A FENTE;A PASTILLE / CHAMBRE;OUI;;ROUGE;4;1,29;1,58;;10
TEEJET;DG 110;BUSES A FENTE;A PASTILLE / CHAMBRE;OUI;;MARRON;5;1,61;1,97;;10
TEEJET;DG EVENSPRAY 95 ;BUSES A FENTE;A PASTILLE / CHAMBRE;OUI;95;VERT;15;0,48;0,59;;15
TEEJET;DG EVENSPRAY 95 ;BUSES A FENTE;A PASTILLE / CHAMBRE;OUI;;JAUNE;2;0,65;0,79;;15
TEEJET;DG EVENSPRAY 95;BUSES A FENTE;A PASTILLE / CHAMBRE;OUI;;BLEU;3;0,96;1,18;;10
TEEJET;DG EVENSPRAY 95;BUSES A FENTE;A PASTILLE / CHAMBRE;OUI;;ROUGE;4;1,29;1,58;;10
TEEJET;DG EVENSPRAY 95;BUSES A FENTE;A PASTILLE / CHAMBRE;OUI;;MARRON;5;1,61;1,97;;10
TEEJET;FLOODJET (TK);BUSES A MIROIR;STANDARD;OUI;;ORANGE;1;0,32;0,39;;15
TEEJET;FLOODJET (TK);BUSES A MIROIR;STANDARD;OUI;;VERT;15;0,48;0,59;;15
TEEJET;FLOODJET (TK);BUSES A MIROIR;STANDARD;OUI;;JAUNE;2;0,65;0,79;;15
TEEJET;FLOODJET (TK);BUSES A MIROIR;STANDARD;OUI;;BLEU;3;0,96;1,18;;10
TEEJET;FLOODJET (TK);BUSES A MIROIR;STANDARD;OUI;;ROUGE;4;1,29;1,58;;10
TEEJET;FLOODJET (TK);BUSES A MIROIR;STANDARD;OUI;;MARRON;5;1,61;1,97;;10
TEEJET;FLOODJET (TK);BUSES A MIROIR;STANDARD;OUI;;GRIS;6;1,94;2,37;;10
TEEJET;FLOODJET (TK);BUSES A MIROIR;STANDARD;OUI;;BLANC;8;2,58;3,16;;10
TEEJET;TURBO FLOODJET (TF);BUSES A MIROIR;STANDARD;NON;;ROUGE - 2;;1,29;1,58;;
TEEJET;TURBO FLOODJET (TF);BUSES A MIROIR;STANDARD;NON;;MARRON - 2,5;;1,61;1,97;;
TEEJET;TURBO FLOODJET (TF);BUSES A MIROIR;STANDARD;NON;;GRIS - 3;;1,94;2,37;;
TEEJET;TURBO FLOODJET (TF);BUSES A MIROIR;STANDARD;NON;;GRIS CLAIR - 4;;2,57;3,15;;
TEEJET;TURBO FLOODJET (TF);BUSES A MIROIR;STANDARD;NON;;BLEU - 5;;3,22;3,95;;
TEEJET;TURBO FLOODJET (TF);BUSES A MIROIR;STANDARD;NON;;VERT - 7,5;;4,84;5,92;;
TEEJET;TURBO FLOODJET (TF);BUSES A MIROIR;STANDARD;NON;;NOIR - 10;;6,45;7,9;;
TEEJET;FULLJET (FL);BUSES A TURBULENCE;STANDARD;NON;;MARRON - 5;;1,69;1,97;;
TEEJET;FULLJET (FL);BUSES A TURBULENCE;STANDARD;NON;;GRIS - 6,5;;2,14;2,56;;
TEEJET;FULLJET (FL);BUSES A TURBULENCE;STANDARD;NON;;GRIS CLAIR - 8;;2,6;3,15;;
TEEJET;FULLJET (FL);BUSES A TURBULENCE;STANDARD;NON;;BLEU - 10;;3,39;3,93;;
TEEJET;FULLJET (FL);BUSES A TURBULENCE;STANDARD;NON;;VERT - 15;;4,84;5,9;;
TEEJET;CONEJET (TXA / TXB);BUSES A TURBULENCE;STANDARD;OUI;80;50;50;;;0,245;15
TEEJET;CONEJET (TXA / TXB);BUSES A TURBULENCE;STANDARD;OUI;;67;67;;;0,331;15
TEEJET;CONEJET (TXA / TXB);BUSES A TURBULENCE;STANDARD;OUI;;ORANGE;1;;;0,496;15
TEEJET;CONEJET (TXA / TXB);BUSES A TURBULENCE;STANDARD;OUI;;VERT;15;;;0,754;15
TEEJET;CONEJET (TXA / TXB);BUSES A TURBULENCE;STANDARD;OUI;;JAUNE;2;;;1,01;15
TEEJET;CONEJET (TXA / TXB);BUSES A TURBULENCE;STANDARD;OUI;;BLEU;3;;;1,53;15
TEEJET;CONEJET (TXA / TXB);BUSES A TURBULENCE;STANDARD;OUI;;ROUGE;4;;;2,03;15
TEEJET;CONEJET (TXVK / TXVS);BUSES A TURBULENCE;STANDARD;OUI;80;50;50;;;0,245;
TEEJET;CONEJET (TXVK / TXVS);BUSES A TURBULENCE;STANDARD;OUI;;67;67;;;0,331;
TEEJET;CONEJET (TXVK / TXVS);BUSES A TURBULENCE;STANDARD;OUI;;ORANGE;1;;;0,496;
TEEJET;CONEJET (TXVK / TXVS);BUSES A TURBULENCE;STANDARD;OUI;;VERT;15;;;0,754;
TEEJET;CONEJET (TXVK / TXVS);BUSES A TURBULENCE;STANDARD;OUI;;JAUNE;2;;;1,01;
TEEJET;CONEJET (TXVK / TXVS);BUSES A TURBULENCE;STANDARD;OUI;;BLEU;3;;;1,53;
TEEJET;CONEJET (TXVK / TXVS);BUSES A TURBULENCE;STANDARD;OUI;;ROUGE;4;;;2,03;
TEEJET;AITXA OU AITXB;BUSES A TURBULENCE;A INJECTION D'AIR LIBRE;OUI;80;ORANGE;1;;;0,499;15
TEEJET;AITXA OU AITXB;BUSES A TURBULENCE;A INJECTION D'AIR LIBRE;OUI;;VERT;15;;;0,753;15
TEEJET;AITXA OU AITXB;BUSES A TURBULENCE;A INJECTION D'AIR LIBRE;OUI;;JAUNE;2;;;1,03;15
TEEJET;AITXA OU AITXB;BUSES A TURBULENCE;A INJECTION D'AIR LIBRE;OUI;;LILAS;25;;;1,25;15
TEEJET;AITXA OU AITXB;BUSES A TURBULENCE;A INJECTION D'AIR LIBRE;OUI;;BLEU;3;;;1,5;15
TEEJET;AITXA OU AITXB;BUSES A TURBULENCE;A INJECTION D'AIR LIBRE;OUI;;ROUGE;4;;;2;15
TEEJET;CP4916;BUSES A PASTILLES;STANDARD;NON;;;;;;;
;;BUSES A PASTILLES;STANDARD;;;;;;;;
;;BUSES A PASTILLES;MULTICALIBRAGE;;;;;;;;
;;BUSES A PASTILLES;BUSE;;;;;;;;
;;BUSES A PASTILLES;POINTEAU;;;;;;;;
;;BUSES A FENTE;STANDARD;;;;;;;;
;;BUSES A FENTE;A PASTILLE / CHAMBRE;;;;;;;;
;;BUSES A FENTE;A INJECTION D'AIR LIBRE;;;;;;;;
;;BUSES A FENTE;A INJECTION D'AIR FORCEE;;;;;;;;
;;BUSES A DOUBLE FENTE;STANDARD;;;;;;;;
;;BUSES A DOUBLE FENTE;A PASTILLE / CHAMBRE;;;;;;;;
;;BUSES A DOUBLE FENTE;A INJECTION D'AIR LIBRE;;;;;;;;
;;BUSES A MIROIR;STANDARD;;;;;;;;
;;BUSES A MIROIR;A INJECTION D'AIR LIBRE;;;;;;;;
;;BUSES CENTRIFUGES;STANDARD;;;;;;;;
;;BUSES A TURBULENCE;STANDARD;;;;;;;;
;;BUSES A TURBULENCE;A INJECTION D'AIR LIBRE;;;;;;;;
;;AUTRES;CUILLERES;;;;;;;;
;;AUTRES;INJECTEURS;;;;;;;;
;;AUTRES;DOSEURS;;;;;;;;
;;AUTRES;POMPES DOSEUSES;;;;;;;;
;;AUTRES;POMPES PERISTALTIQUES;;;;;;;;
;;POMPE DOSEUSE ;AUGET BASCULANT;;;;;;;;
;;POMPE DOSEUSE ;PERISTALTIQUE;;;;;;;;
